2012-12-31,29.23,,
2013-01-04,28.78,-0.015395142,-1.54%
2013-01-07,29.13,0.012161223,1.22%
2013-01-08,30.22,0.037418469,3.74%
2013-01-09,31.24,0.033752482,3.38%
2013-01-10,30.89,-0.011203585,-1.12%
2013-01-11,29.62,-0.041113629,-4.11%
2013-01-14,30.54,0.031060095,3.11%
2013-01-15,31.19,0.021283563,2.13%
2013-01-16,30.96,-0.007374158,-0.74%
2013-01-17,30.76,-0.006459948,-0.65%
2013-01-18,30.81,0.001625488,0.16%
2013-01-21,30.64,-0.005517689,-0.55%
2013-01-22,29.77,-0.028394256,-2.84%
2013-01-23,29.50,-0.009069533,-0.91%
2013-01-24,28.95,-0.018644068,-1.86%
2013-01-25,28.76,-0.00656304,-0.66%
2013-01-28,29.28,0.018080668,1.81%
2013-01-29,29.90,0.021174863,2.12%
2013-01-30,30.86,0.032107023,3.21%
2013-01-31,29.97,-0.028839922,-2.88%
2013-02-01,29.85,-0.004004004,-0.40%
2013-02-04,29.30,-0.018425461,-1.84%
2013-02-05,29.47,0.005802048,0.58%
2013-02-06,29.60,0.004411266,0.44%
2013-02-07,29.60,0,0.00%
2013-02-08,30.05,0.015202703,1.52%
2013-02-18,30.19,0.004658902,0.47%
2013-02-19,29.40,-0.026167605,-2.62%
2013-02-20,32.35,0.100340136,10.03%
2013-02-21,34.39,0.063060278,6.31%
2013-02-22,33.47,-0.026751963,-2.68%
2013-02-25,33.34,-0.003884075,-0.39%
2013-02-26,32.03,-0.039292142,-3.93%
2013-02-27,31.61,-0.013112707,-1.31%
2013-02-28,31.93,0.010123379,1.01%
2013-03-01,32.40,0.014719699,1.47%
2013-03-04,30.59,-0.055864198,-5.59%
2013-03-05,31.58,0.032363517,3.24%
2013-03-06,32.85,0.040215326,4.02%
2013-03-07,32.25,-0.01826484,-1.83%
2013-03-08,31.98,-0.008372093,-0.84%
2013-03-11,32.05,0.002188868,0.22%
2013-03-12,33.17,0.034945398,3.49%
2013-03-13,31.78,-0.041905336,-4.19%
2013-03-14,30.99,-0.024858402,-2.49%
2013-03-15,30.62,-0.011939335,-1.19%
2013-03-18,29.40,-0.03984324,-3.98%
2013-03-19,29.05,-0.011904762,-1.19%
2013-03-20,29.80,0.025817556,2.58%
2013-03-21,30.02,0.00738255,0.74%
2013-03-22,30.57,0.018321119,1.83%
2013-03-25,30.24,-0.010794897,-1.08%
2013-03-26,33.27,0.100198413,10.02%
2013-03-27,32.63,-0.019236549,-1.92%
2013-03-28,33.27,0.019613852,1.96%
2013-03-29,33.67,0.012022843,1.20%
2013-04-01,33.22,-0.013365013,-1.34%
2013-04-02,32.48,-0.022275738,-2.23%
2013-04-03,29.62,-0.088054187,-8.81%
2013-04-08,28.53,-0.03679946,-3.68%
2013-04-09,28.53,0,0.00%
2013-04-10,28.98,0.015772871,1.58%
2013-04-11,28.71,-0.00931677,-0.93%
2013-04-12,29.80,0.037965866,3.80%
2013-04-15,29.00,-0.026845638,-2.68%
2013-04-16,28.83,-0.005862069,-0.59%
2013-04-17,29.23,0.013874436,1.39%
2013-04-18,28.80,-0.014710913,-1.47%
2013-04-19,29.30,0.017361111,1.74%
2013-04-22,30.49,0.040614334,4.06%
2013-04-23,29.03,-0.047884552,-4.79%
2013-04-24,31.93,0.099896659,9.99%
2013-04-25,31.86,-0.002192296,-0.22%
2013-04-26,31.24,-0.019460138,-1.95%
2013-05-02,31.83,0.018886044,1.89%
2013-05-03,32.08,0.007854226,0.79%
2013-05-06,32.33,0.007793017,0.78%
2013-05-07,33.20,0.026909991,2.69%
2013-05-08,33.20,0,0.00%
2013-05-09,32.23,-0.029216867,-2.92%
2013-05-10,33.44,0.037542662,3.75%
2013-05-13,33.12,-0.009569378,-0.96%
2013-05-14,32.23,-0.026871981,-2.69%
2013-05-15,33.12,0.027614024,2.76%
2013-05-16,34.16,0.031400966,3.14%
2013-05-17,34.76,0.017564403,1.76%
2013-05-20,35.21,0.012945915,1.29%
2013-05-21,35.43,0.006248225,0.62%
2013-05-22,34.51,-0.025966695,-2.60%
2013-05-23,34.26,-0.007244277,-0.72%
2013-05-24,34.86,0.017513135,1.75%
2013-05-27,37.76,0.083189902,8.32%
2013-05-28,37.59,-0.004502119,-0.45%
2013-05-29,37.86,0.007182761,0.72%
2013-05-30,38.46,0.015847861,1.58%
2013-05-31,37.07,-0.036141446,-3.61%
2013-06-03,36.99,-0.002158079,-0.22%
2013-06-04,36.60,-0.01054339,-1.05%
2013-06-05,36.94,0.009289617,0.93%
2013-06-06,34.71,-0.060368165,-6.04%
2013-06-07,33.37,-0.038605589,-3.86%
2013-06-13,32.50,-0.026071322,-2.61%
2013-06-14,33.17,0.020615385,2.06%
2013-06-17,33.79,0.018691589,1.87%
2013-06-18,33.84,0.001479728,0.15%
2013-06-19,33.44,-0.011820331,-1.18%
2013-06-20,32.01,-0.042763158,-4.28%
2013-06-21,31.22,-0.024679788,-2.47%
2013-06-24,28.98,-0.071748879,-7.17%
2013-06-25,29.24,0.008971705,0.90%
2013-06-26,29.26,0.000683995,0.07%
2013-06-27,28.50,-0.025974026,-2.60%
2013-06-28,28.07,-0.015087719,-1.51%
2013-07-01,28.19,0.004275027,0.43%
2013-07-02,28.50,0.010996807,1.10%
2013-07-03,27.46,-0.036491228,-3.65%
2013-07-04,27.84,0.01383831,1.38%
2013-07-05,27.89,0.001795977,0.18%
2013-07-08,25.15,-0.098243098,-9.82%
2013-07-09,24.64,-0.02027833,-2.03%
2013-07-10,25.27,0.025568182,2.56%
2013-07-11,26.39,0.04432133,4.43%
2013-07-12,25.73,-0.025009473,-2.50%
2013-07-15,27.05,0.051301982,5.13%
2013-07-16,27.92,0.032162662,3.22%
2013-07-17,27.13,-0.028295129,-2.83%
2013-07-18,26.72,-0.015112422,-1.51%
2013-07-19,25.63,-0.040793413,-4.08%
2013-07-22,26.14,0.019898556,1.99%
2013-07-23,27.48,0.051262433,5.13%
2013-07-24,27.41,-0.002547307,-0.25%
2013-07-25,26.85,-0.0204305,-2.04%
2013-07-26,27.38,0.019739292,1.97%
2013-07-29,27.66,0.010226443,1.02%
2013-07-30,28.45,0.028561099,2.86%
2013-07-31,28.25,-0.007029877,-0.70%
2013-08-01,28.70,0.015929204,1.59%
2013-08-02,28.40,-0.010452962,-1.05%
2013-08-05,29.16,0.026760563,2.68%
2013-08-06,29.16,0,0.00%
2013-08-07,28.65,-0.017489712,-1.75%
2013-08-08,28.45,-0.006980803,-0.70%
2013-08-09,28.50,0.001757469,0.18%
2013-08-12,29.16,0.023157895,2.32%
2013-08-13,29.72,0.01920439,1.92%
2013-08-14,29.16,-0.01884253,-1.88%
2013-08-15,28.58,-0.019890261,-1.99%
2013-08-16,27.94,-0.022393282,-2.24%
2013-08-19,28.37,0.015390122,1.54%
2013-08-20,27.99,-0.013394431,-1.34%
2013-08-21,28.50,0.018220793,1.82%
2013-08-22,28.86,0.012631579,1.26%
2013-08-23,28.86,0,0.00%
2013-08-26,30.43,0.054400554,5.44%
2013-08-27,31.50,0.035162668,3.52%
2013-08-28,31.04,-0.014603175,-1.46%
2013-08-29,31.88,0.027061856,2.71%
2013-08-30,32.13,0.007841907,0.78%
2013-09-02,32.74,0.018985372,1.90%
2013-09-03,32.87,0.003970678,0.40%
2013-09-04,34.01,0.034682081,3.47%
2013-09-05,35.71,0.049985298,5.00%
2013-09-06,35.15,-0.015681882,-1.57%
2013-09-09,35.23,0.00227596,0.23%
2013-09-10,35.21,-0.000567698,-0.06%
2013-09-11,34.95,-0.007384266,-0.74%
2013-09-12,35.00,0.001430615,0.14%
2013-09-13,36.02,0.029142857,2.91%
2013-09-16,36.07,0.001388118,0.14%
2013-09-17,35.13,-0.026060438,-2.61%
2013-09-18,36.02,0.025334472,2.53%
2013-09-23,36.22,0.005552471,0.56%
2013-09-24,36.32,0.002760906,0.28%
2013-09-25,37.54,0.033590308,3.36%
2013-09-26,35.69,-0.049280767,-4.93%
2013-09-27,35.18,-0.014289717,-1.43%
2013-09-30,35.43,0.00710631,0.71%
2013-10-08,35.81,0.010725374,1.07%
2013-10-09,35.28,-0.014800335,-1.48%
2013-10-10,34.29,-0.028061224,-2.81%
2013-10-11,35.23,0.02741324,2.74%
2013-10-14,35.99,0.021572523,2.16%
2013-10-15,36.96,0.026951931,2.70%
2013-10-16,35.56,-0.037878788,-3.79%
2013-10-17,36.45,0.025028121,2.50%
2013-10-18,36.63,0.004938272,0.49%
2013-10-21,39.88,0.088725089,8.87%
2013-10-22,40.97,0.027331996,2.73%
2013-10-23,39.24,-0.042226019,-4.22%
2013-10-24,38.61,-0.016055046,-1.61%
2013-10-25,38.56,-0.001295001,-0.13%
2013-10-28,39.32,0.019709544,1.97%
2013-10-29,35.99,-0.084689725,-8.47%
2013-10-30,36.45,0.012781328,1.28%
2013-10-31,37.01,0.015363512,1.54%
2013-11-01,36.63,-0.010267495,-1.03%
2013-11-04,36.83,0.005460005,0.55%
2013-11-05,36.75,-0.002172142,-0.22%
2013-11-06,36.09,-0.017959184,-1.80%
2013-11-07,36.07,-0.00055417,-0.06%
2013-11-08,35.56,-0.014139174,-1.41%
2013-11-11,35.71,0.004218223,0.42%
2013-11-12,35.51,-0.005600672,-0.56%
2013-11-13,34.72,-0.022247254,-2.22%
2013-11-14,35.51,0.022753456,2.28%
2013-11-15,35.81,0.008448324,0.84%
2013-11-18,36.53,0.020106116,2.01%
2013-11-19,38.10,0.042978374,4.30%
2013-11-20,38.00,-0.002624672,-0.26%
2013-11-21,37.59,-0.010789474,-1.08%
2013-11-22,37.77,0.004788508,0.48%
2013-11-25,36.65,-0.029653164,-2.97%
2013-11-26,36.60,-0.001364256,-0.14%
2013-11-27,37.16,0.015300546,1.53%
2013-11-28,37.80,0.01722282,1.72%
2013-11-29,37.87,0.001851852,0.19%
2013-12-02,35.59,-0.060205968,-6.02%
2013-12-03,36.58,0.027816802,2.78%
2013-12-04,38.20,0.044286495,4.43%
2013-12-05,38.43,0.006020942,0.60%
2013-12-06,37.59,-0.021857923,-2.19%
2013-12-09,38.63,0.027666933,2.77%
2013-12-10,39.63,0.025886617,2.59%
2013-12-11,39.32,-0.007822357,-0.78%
2013-12-12,39.45,0.003306205,0.33%
2013-12-13,40.62,0.029657795,2.97%
2013-12-16,39.63,-0.02437223,-2.44%
2013-12-17,37.85,-0.044915468,-4.49%
2013-12-18,38.38,0.014002642,1.40%
2013-12-19,38.10,-0.007295466,-0.73%
2013-12-20,37.64,-0.012073491,-1.21%
2013-12-23,36.58,-0.02816153,-2.82%
2013-12-24,37.21,0.017222526,1.72%
2013-12-25,37.95,0.019887127,1.99%
2013-12-26,36.15,-0.04743083,-4.74%
2013-12-27,37.19,0.028769018,2.88%
2013-12-30,37.62,0.011562248,1.16%
2013-12-31,37.39,-0.006113769,-0.61%
2014-01-02,37.82,0.011500401,1.15%
2014-01-03,36.81,-0.026705447,-2.67%
2014-01-06,35.05,-0.047813094,-4.78%
2014-01-07,36.91,0.053067047,5.31%
2014-01-08,36.70,-0.005689515,-0.57%
2014-01-09,35.56,-0.03106267,-3.11%
2014-01-10,34.60,-0.026996625,-2.70%
2014-01-13,34.95,0.010115607,1.01%
2014-01-14,35.51,0.01602289,1.60%
2014-01-15,35.51,0,0.00%
2014-01-16,35.54,0.000844832,0.08%
2014-01-17,35.28,-0.007315701,-0.73%
2014-01-20,34.57,-0.020124717,-2.01%
2014-01-21,35.18,0.017645357,1.76%
2014-01-22,35.81,0.017907902,1.79%
2014-01-23,36.22,0.011449316,1.14%
2014-01-24,37.24,0.028161237,2.82%
2014-01-27,36.40,-0.022556391,-2.26%
2014-01-28,38.23,0.050274725,5.03%
2014-01-29,37.82,-0.010724562,-1.07%
2014-01-30,38.74,0.024325754,2.43%
2014-02-07,39.12,0.009808983,0.98%
2014-02-10,39.78,0.016871166,1.69%
2014-02-11,39.09,-0.0173454,-1.73%
2014-02-12,39.50,0.010488616,1.05%
2014-02-13,39.14,-0.009113924,-0.91%
2014-02-14,39.29,0.003832397,0.38%
2014-02-17,40.46,0.02977857,2.98%
2014-02-18,41.15,0.01705388,1.71%
2014-02-19,40.51,-0.015552855,-1.56%
2014-02-20,39.07,-0.035546779,-3.55%
2014-02-21,38.96,-0.002815459,-0.28%
2014-02-24,38.84,-0.003080082,-0.31%
2014-02-25,37.09,-0.045056643,-4.51%
2014-02-26,37.29,0.005392289,0.54%
2014-02-27,36.07,-0.032716546,-3.27%
2014-02-28,36.75,0.018852232,1.89%
2014-03-03,37.59,0.022857143,2.29%
2014-03-04,37.69,0.002660282,0.27%
2014-03-05,37.44,-0.006633059,-0.66%
2014-03-06,36.93,-0.013621795,-1.36%
2014-03-07,37.21,0.007581912,0.76%
2014-03-10,35.41,-0.048374093,-4.84%
2014-03-11,35.36,-0.00141203,-0.14%
2014-03-12,35.87,0.014423077,1.44%
2014-03-13,36.02,0.004181767,0.42%
2014-03-14,35.97,-0.001388118,-0.14%
2014-03-17,36.32,0.009730331,0.97%
2014-03-18,36.09,-0.006332599,-0.63%
2014-03-19,35.76,-0.009143807,-0.91%
2014-03-20,35.81,0.00139821,0.14%
2014-03-21,36.45,0.017872103,1.79%
2014-03-24,36.60,0.004115226,0.41%
2014-03-25,36.75,0.004098361,0.41%
2014-03-26,37.03,0.007619048,0.76%
2014-03-27,35.87,-0.031325952,-3.13%
2014-03-28,35.31,-0.015611932,-1.56%
2014-03-31,34.90,-0.011611442,-1.16%
2014-04-01,35.66,0.021776504,2.18%
2014-04-02,35.28,-0.010656197,-1.07%
2014-04-03,35.56,0.007936508,0.79%
2014-04-04,35.87,0.00871766,0.87%
2014-04-08,36.30,0.011987733,1.20%
2014-04-09,36.50,0.005509642,0.55%
2014-04-10,36.40,-0.002739726,-0.27%
2014-04-11,36.45,0.001373626,0.14%
2014-04-14,37.92,0.040329218,4.03%
2014-04-15,37.67,-0.006592827,-0.66%
2014-04-16,38.94,0.033713831,3.37%
2014-04-17,38.91,-0.000770416,-0.08%
2014-04-18,39.40,0.012593164,1.26%
2014-04-21,38.69,-0.018020305,-1.80%
2014-04-22,39.40,0.018350995,1.84%
2014-04-23,39.09,-0.00786802,-0.79%
2014-04-24,40.01,0.023535431,2.35%
2014-04-25,38.20,-0.04523869,-4.52%
2014-04-28,35.84,-0.061780105,-6.18%
2014-04-29,36.53,0.019252232,1.93%
2014-04-30,36.75,0.006022447,0.60%
2014-05-05,36.78,0.000816327,0.08%
2014-05-06,37.03,0.006797172,0.68%
2014-05-07,36.32,-0.019173643,-1.92%
2014-05-08,36.83,0.01404185,1.40%
2014-05-09,37.19,0.00977464,0.98%
2014-05-12,38.38,0.031997849,3.20%
2014-05-13,38.51,0.003387181,0.34%
2014-05-14,38.43,-0.002077382,-0.21%
2014-05-15,37.47,-0.024980484,-2.50%
2014-05-16,38.23,0.020282893,2.03%
2014-05-19,37.67,-0.014648182,-1.46%
2014-05-20,38.23,0.014865941,1.49%
2014-05-21,38.18,-0.001307873,-0.13%
2014-05-22,38.23,0.001309586,0.13%
2014-05-23,38.28,0.001307873,0.13%
2014-05-26,39.07,0.020637409,2.06%
2014-05-27,38.61,-0.011773739,-1.18%
2014-05-28,39.37,0.01968402,1.97%
2014-05-29,38.79,-0.014732029,-1.47%
2014-05-30,38.41,-0.009796339,-0.98%
2014-06-03,38.53,0.003124186,0.31%
2014-06-04,37.92,-0.015831819,-1.58%
2014-06-05,38.20,0.007383966,0.74%
2014-06-06,39.22,0.026701571,2.67%
2014-06-09,39.60,0.009688934,0.97%
2014-06-10,42.37,0.069949495,6.99%
2014-06-11,42.75,0.00896861,0.90%
2014-06-12,43.18,0.01005848,1.01%
2014-06-13,47.37,0.097035665,9.70%
2014-06-16,52.12,0.100274435,10.03%
2014-06-17,49.16,-0.056792018,-5.68%
2014-06-18,46.03,-0.06366965,-6.37%
2014-06-19,43.06,-0.064523137,-6.45%
2014-06-20,43.53,0.010915002,1.09%
2014-06-23,43.43,-0.002297266,-0.23%
2014-06-24,43.74,0.007137923,0.71%
2014-06-25,42.80,-0.021490626,-2.15%
2014-06-26,43.69,0.020794393,2.08%
2014-06-27,43.69,0,0.00%
2014-06-30,43.48,-0.004806592,-0.48%
2014-07-01,45.41,0.044388224,4.44%
2014-07-02,44.99,-0.009249064,-0.92%
2014-07-03,44.05,-0.020893532,-2.09%
2014-07-04,43.43,-0.014074915,-1.41%
2014-07-07,43.74,0.007137923,0.71%
2014-07-08,43.27,-0.010745313,-1.07%
2014-07-09,42.49,-0.018026346,-1.80%
2014-07-10,42.33,-0.003765592,-0.38%
2014-07-11,42.65,0.00755965,0.76%
2014-07-14,42.91,0.006096131,0.61%
2014-07-15,42.44,-0.010953158,-1.10%
2014-07-16,42.28,-0.003770028,-0.38%
2014-07-17,42.59,0.007332072,0.73%
2014-07-18,42.23,-0.008452688,-0.85%
2014-07-21,41.14,-0.025811035,-2.58%
2014-07-22,41.71,0.013855129,1.39%
2014-07-23,41.19,-0.012467034,-1.25%
2014-07-24,40.46,-0.017722748,-1.77%
2014-07-25,41.76,0.032130499,3.21%
2014-07-28,42.13,0.008860153,0.89%
2014-07-29,42.39,0.006171374,0.62%
2014-07-30,42.54,0.00353857,0.35%
2014-07-31,42.80,0.006111895,0.61%
2014-08-01,42.13,-0.015654206,-1.57%
2014-08-04,43.17,0.024685497,2.47%
2014-08-05,43.74,0.013203614,1.32%
2014-08-06,44.21,0.010745313,1.07%
2014-08-07,44.63,0.009500113,0.95%
2014-08-08,46.24,0.036074389,3.61%
2014-08-11,49.47,0.069852941,6.99%
2014-08-12,48.17,-0.026278553,-2.63%
2014-08-13,47.75,-0.00871912,-0.87%
2014-08-14,47.12,-0.013193717,-1.32%
2014-08-15,47.39,0.005730051,0.57%
2014-08-18,47.70,0.006541464,0.65%
2014-08-19,47.65,-0.001048218,-0.10%
2014-08-20,47.85,0.004197272,0.42%
2014-08-21,47.70,-0.003134796,-0.31%
2014-08-22,47.75,0.001048218,0.10%
2014-08-25,48.69,0.019685864,1.97%
2014-08-26,47.59,-0.022591908,-2.26%
2014-08-27,47.75,0.003362051,0.34%
2014-08-28,48.27,0.010890052,1.09%
2014-08-29,47.85,-0.008701057,-0.87%
2014-09-01,48.43,0.012121212,1.21%
2014-09-02,49.21,0.01610572,1.61%
2014-09-03,49.21,0,0.00%
2014-09-04,49.26,0.001016054,0.10%
2014-09-05,51.03,0.03593179,3.59%
2014-09-09,50.98,-0.000979816,-0.10%
2014-09-10,50.51,-0.009219302,-0.92%
2014-09-11,50.20,-0.006137399,-0.61%
2014-09-12,50.61,0.008167331,0.82%
2014-09-15,50.67,0.001185536,0.12%
2014-09-16,47.91,-0.054470101,-5.45%
2014-09-17,47.91,0,0.00%
2014-09-18,48.22,0.006470465,0.65%
2014-09-19,48.69,0.009746993,0.97%
2014-09-22,47.70,-0.020332717,-2.03%
2014-09-23,48.32,0.012997904,1.30%
2014-09-24,49.05,0.015107616,1.51%
2014-09-25,49.21,0.003261978,0.33%
2014-09-26,49.73,0.010566958,1.06%
2014-09-29,51.03,0.026141162,2.61%
2014-09-30,50.87,-0.003135411,-0.31%
2014-10-08,54.68,0.074896796,7.49%
2014-10-09,55.56,0.016093636,1.61%
2014-10-10,54.05,-0.027177826,-2.72%
2014-10-13,55.30,0.023126735,2.31%
2014-10-14,53.89,-0.025497288,-2.55%
2014-10-15,54.36,0.00872147,0.87%
2014-10-16,53.06,-0.023914643,-2.39%
2014-10-17,52.49,-0.010742556,-1.07%
2014-10-20,53.01,0.009906649,0.99%
2014-10-21,53.89,0.016600641,1.66%
2014-10-22,52.18,-0.031731305,-3.17%
2014-10-23,49.94,-0.042928325,-4.29%
2014-10-24,50.51,0.011413696,1.14%
2014-10-27,50.67,0.00316769,0.32%
2014-10-28,52.18,0.029800671,2.98%
2014-10-29,53.63,0.027788425,2.78%
2014-10-30,53.69,0.001118777,0.11%
2014-10-31,52.80,-0.016576644,-1.66%
2014-11-03,54.21,0.026704545,2.67%
2014-11-04,53.63,-0.010699133,-1.07%
2014-11-05,53.37,-0.004848033,-0.48%
2014-11-06,53.74,0.006932734,0.69%
2014-11-07,52.80,-0.017491626,-1.75%
2014-11-10,52.85,0.00094697,0.09%
2014-11-11,49.94,-0.055061495,-5.51%
2014-11-12,50.56,0.012414898,1.24%
2014-11-13,48.84,-0.034018987,-3.40%
2014-11-14,49.26,0.008599509,0.86%
2014-11-17,50.09,0.016849371,1.68%
2014-11-18,49.83,-0.005190657,-0.52%
2014-11-19,50.04,0.004214329,0.42%
2014-11-20,49.57,-0.009392486,-0.94%
2014-11-21,53.32,0.075650595,7.57%
2014-11-24,54.10,0.014628657,1.46%
2014-11-25,53.79,-0.005730129,-0.57%
2014-11-26,56.39,0.048336122,4.83%
2014-11-27,56.34,-0.000886682,-0.09%
2014-11-28,58.32,0.03514377,3.51%
2014-12-01,57.23,-0.018689986,-1.87%
2014-12-02,57.02,-0.003669404,-0.37%
2014-12-03,55.82,-0.021045247,-2.10%
2014-12-04,55.82,0,0.00%
2014-12-05,53.53,-0.041024722,-4.10%
2014-12-08,52.12,-0.02634037,-2.63%
2014-12-09,50.30,-0.034919417,-3.49%
2014-12-10,51.97,0.033200795,3.32%
2014-12-11,51.86,-0.002116606,-0.21%
2014-12-12,52.12,0.005013498,0.50%
2014-12-15,53.69,0.030122794,3.01%
2014-12-16,52.70,-0.018439188,-1.84%
2014-12-17,51.19,-0.028652751,-2.87%
2014-12-18,51.08,-0.002148857,-0.21%
2014-12-19,50.72,-0.007047768,-0.70%
2014-12-22,48.43,-0.045149842,-4.51%
2014-12-23,48.79,0.007433409,0.74%
2014-12-24,49.31,0.010657922,1.07%
2014-12-25,50.09,0.015818292,1.58%
2014-12-26,49.83,-0.005190657,-0.52%
2014-12-29,50.67,0.016857315,1.69%
2014-12-30,50.67,0,0.00%
2014-12-31,50.67,0,0.00%
2015-01-05,51.08,0.008091573,0.81%
2015-01-06,51.29,0.004111198,0.41%
2015-01-07,50.87,-0.008188731,-0.82%
2015-01-08,50.46,-0.00805976,-0.81%
2015-01-09,49.73,-0.014466904,-1.45%
2015-01-12,48.27,-0.029358536,-2.94%
2015-01-13,48.58,0.006422208,0.64%
2015-01-14,48.74,0.003293536,0.33%
2015-01-15,50.77,0.041649569,4.16%
2015-01-16,50.67,-0.001969667,-0.20%
2015-01-19,49.52,-0.022695875,-2.27%
2015-01-20,50.98,0.029483037,2.95%
2015-01-21,52.18,0.023538643,2.35%
2015-01-22,53.11,0.017822921,1.78%
2015-01-23,52.38,-0.013745057,-1.37%
2015-01-26,53.43,0.020045819,2.00%
2015-01-27,54.41,0.018341756,1.83%
2015-01-28,53.16,-0.022973718,-2.30%
2015-01-29,51.86,-0.024454477,-2.45%
2015-01-30,50.98,-0.016968762,-1.70%
2015-02-02,51.03,0.000980777,0.10%
2015-02-03,52.38,0.026455026,2.65%
2015-02-04,51.34,-0.019854906,-1.99%
2015-02-05,51.19,-0.002921698,-0.29%
2015-02-06,50.25,-0.018362962,-1.84%
2015-02-09,50.35,0.00199005,0.20%
2015-02-10,50.67,0.006355511,0.64%
2015-02-11,51.65,0.019340833,1.93%
2015-02-12,52.38,0.014133591,1.41%
2015-02-13,52.59,0.004009164,0.40%
2015-02-16,53.58,0.018824872,1.88%
2015-02-17,53.53,-0.000933184,-0.09%
2015-02-25,53.43,-0.001868111,-0.19%
2015-02-26,53.74,0.005801984,0.58%
2015-02-27,54.21,0.008745813,0.87%
2015-03-02,54.62,0.00756318,0.76%
2015-03-03,54.94,0.00585866,0.59%
2015-03-04,55.35,0.007462687,0.75%
2015-03-05,60.87,0.099728997,9.97%
2015-03-06,59.26,-0.026449811,-2.64%
2015-03-09,61.97,0.045730678,4.57%
2015-03-10,64.93,0.047765048,4.78%
2015-03-11,63.68,-0.019251502,-1.93%
2015-03-12,62.90,-0.012248744,-1.22%
2015-03-13,62.85,-0.000794913,-0.08%
2015-03-16,64.52,0.026571201,2.66%
2015-03-17,64.15,-0.005734656,-0.57%
2015-03-18,65.14,0.01543258,1.54%
2015-03-19,69.46,0.066318698,6.63%
2015-03-20,68.68,-0.011229485,-1.12%
2015-03-23,70.56,0.027373326,2.74%
2015-03-24,67.69,-0.040674603,-4.07%
2015-03-25,66.65,-0.01536416,-1.54%
2015-03-26,67.80,0.017254314,1.73%
2015-03-27,67.43,-0.005457227,-0.55%
2015-03-30,67.90,0.006970191,0.70%
2015-03-31,73.42,0.081296024,8.13%
2015-04-01,74.93,0.020566603,2.06%
2015-04-02,76.49,0.020819431,2.08%
2015-04-03,77.90,0.018433782,1.84%
2015-04-07,83.99,0.07817715,7.82%
2015-04-08,80.87,-0.037147279,-3.71%
2015-04-09,78.63,-0.027698776,-2.77%
2015-04-10,83.00,0.055576752,5.56%
2015-04-13,91.28,0.099759036,9.98%
2015-04-14,97.69,0.070223488,7.02%
2015-04-15,88.21,-0.097041662,-9.70%
2015-04-16,97.01,0.099761932,9.98%
2015-04-17,100.50,0.035975673,3.60%
2015-04-20,93.62,-0.068457711,-6.85%
2015-04-21,101.38,0.082888272,8.29%
2015-04-22,105.60,0.041625567,4.16%
2015-04-23,106.64,0.009848485,0.98%
2015-04-24,107.84,0.011252813,1.13%
2015-04-27,105.65,-0.020307864,-2.03%
2015-04-28,100.71,-0.046758164,-4.68%
2015-04-29,102.06,0.013404826,1.34%
2015-04-30,99.46,-0.025475211,-2.55%
2015-05-04,100.60,0.011461894,1.15%
2015-05-05,103.47,0.028528827,2.85%
2015-05-06,105.55,0.020102445,2.01%
2015-05-07,103.62,-0.018285173,-1.83%
2015-05-08,111.69,0.077880718,7.79%
2015-05-11,119.71,0.071805891,7.18%
2015-05-12,119.24,-0.003926155,-0.39%
2015-05-13,118.15,-0.009141228,-0.91%
2015-05-14,126.43,0.070080406,7.01%
2015-05-15,139.08,0.100055367,10.01%
2015-05-18,135.70,-0.02430256,-2.43%
2015-05-19,139.55,0.028371408,2.84%
2015-05-20,152.31,0.091436761,9.14%
2015-05-21,167.51,0.099796468,9.98%
2015-05-22,178.61,0.066264701,6.63%
2015-05-25,172.20,-0.035888248,-3.59%
2015-05-26,189.49,0.100406504,10.04%
2015-05-27,208.50,0.100321917,10.03%
2015-05-28,213.11,0.022110312,2.21%
2015-05-29,214.37,0.00591244,0.59%
2015-06-01,212.18,-0.010215982,-1.02%
2015-06-02,205.39,-0.032001131,-3.20%
2015-06-03,199.28,-0.029748284,-2.97%
2015-06-04,202.28,0.015054195,1.51%
2015-06-05,200.20,-0.010282776,-1.03%
2015-06-08,191.91,-0.041408591,-4.14%
2015-06-09,196.98,0.026418634,2.64%
2015-06-10,196.63,-0.00177683,-0.18%
2015-06-11,214.49,0.090830494,9.08%
2015-06-12,206.08,-0.039209287,-3.92%
2015-06-15,196.75,-0.04527368,-4.53%
2015-06-16,187.30,-0.048030496,-4.80%
2015-06-17,195.71,0.044901228,4.49%
2015-06-18,186.04,-0.049409841,-4.94%
2015-06-19,167.49,-0.09970974,-9.97%
2015-06-23,156.09,-0.068063765,-6.81%
2015-06-24,166.45,0.066371965,6.64%
2015-06-25,167.84,0.008350856,0.84%
2015-06-26,151.02,-0.10021449,-10.02%
2015-06-29,135.93,-0.09992054,-9.99%
2015-06-30,148.60,0.09320974,9.32%
2015-07-01,135.93,-0.08526245,-8.53%
2015-07-02,122.33,-0.100051497,-10.01%
2015-07-03,110.12,-0.099811984,-9.98%
2015-07-06,99.07,-0.100345078,-10.03%
2015-07-07,89.16,-0.100030282,-10.00%
2015-07-08,89.16,0,0.00%
2015-07-09,89.16,0,0.00%
2015-07-10,89.16,0,0.00%
2015-07-13,89.16,0,0.00%
2015-07-14,98.03,0.099484074,9.95%
2015-07-15,100.91,0.029378762,2.94%
2015-07-16,103.90,0.029630364,2.96%
2015-07-17,114.16,0.098748797,9.87%
2015-07-20,119.34,0.045374912,4.54%
2015-07-21,120.03,0.0057818,0.58%
2015-07-22,118.42,-0.013413313,-1.34%
2015-07-23,124.29,0.04956933,4.96%
2015-07-24,121.87,-0.019470593,-1.95%
2015-07-27,109.66,-0.100188726,-10.02%
2015-07-28,101.48,-0.0745942,-7.46%
2015-07-29,109.09,0.074990146,7.50%
2015-07-30,105.75,-0.030616922,-3.06%
2015-07-31,104.94,-0.007659574,-0.77%
2015-08-03,96.76,-0.077949304,-7.79%
2015-08-04,105.29,0.088156263,8.82%
2015-08-05,101.60,-0.035046063,-3.50%
2015-08-06,99.64,-0.019291339,-1.93%
2015-08-07,103.10,0.03472501,3.47%
2015-08-10,110.35,0.070320078,7.03%
2015-08-11,121.41,0.100226552,10.02%
2015-08-12,133.51,0.099662301,9.97%
2015-08-13,139.84,0.047412179,4.74%
2015-08-14,139.15,-0.004934211,-0.49%
2015-08-17,140.30,0.008264463,0.83%
2015-08-18,126.25,-0.100142552,-10.01%
2015-08-19,127.86,0.012752475,1.28%
2015-08-20,122.10,-0.045049273,-4.50%
2015-08-21,113.46,-0.070761671,-7.08%
2015-08-24,102.18,-0.099418297,-9.94%
2015-08-25,91.92,-0.100411039,-10.04%
2015-08-26,93.42,0.016318538,1.63%
2015-08-27,96.07,0.028366517,2.84%
2015-08-28,104.13,0.083897158,8.39%
2015-08-31,97.34,-0.065206953,-6.52%
2015-09-01,87.66,-0.099445243,-9.94%
2015-09-02,81.90,-0.065708419,-6.57%
2015-09-07,84.44,0.031013431,3.10%
2015-09-08,91.23,0.080412127,8.04%
2015-09-09,96.53,0.058094925,5.81%
2015-09-10,91.92,-0.047757174,-4.78%
2015-09-11,92.73,0.00881201,0.88%
2015-09-14,83.51,-0.099428448,-9.94%
2015-09-15,76.95,-0.078553467,-7.86%
2015-09-16,83.86,0.089798571,8.98%
2015-09-17,80.63,-0.038516575,-3.85%
2015-09-18,81.67,0.012898425,1.29%
2015-09-21,84.55,0.035263867,3.53%
2015-09-22,85.24,0.008160852,0.82%
2015-09-23,82.71,-0.029680901,-2.97%
2015-09-24,84.21,0.018135655,1.81%
2015-09-25,86.05,0.021850137,2.19%
2015-09-28,85.59,-0.005345729,-0.53%
2015-09-29,82.13,-0.040425283,-4.04%
2015-09-30,83.05,0.011201753,1.12%
2015-10-08,85.47,0.029139073,2.91%
2015-10-09,87.09,0.018954019,1.90%
2015-10-12,95.84,0.100470777,10.05%
2015-10-13,97.34,0.015651085,1.57%
2015-10-14,94.00,-0.034312718,-3.43%
2015-10-15,96.53,0.026914894,2.69%
2015-10-16,97.80,0.013156532,1.32%
2015-10-19,104.83,0.071881391,7.19%
2015-10-20,104.59,-0.002289421,-0.23%
2015-10-21,94.11,-0.100200784,-10.02%
2015-10-22,97.22,0.033046435,3.30%
2015-10-23,99.30,0.021394775,2.14%
2015-10-26,104.83,0.055689829,5.57%
2015-10-27,115.31,0.099971382,10.00%
2015-10-28,107.13,-0.070939207,-7.09%
2015-10-29,108.51,0.012881546,1.29%
2015-10-30,108.51,0,0.00%
2015-11-02,102.52,-0.055202286,-5.52%
2015-11-03,104.25,0.016874756,1.69%
2015-11-04,110.12,0.056306954,5.63%
2015-11-05,108.74,-0.012531784,-1.25%
2015-11-06,110.70,0.018024646,1.80%
2015-11-09,115.19,0.040560072,4.06%
2015-11-10,117.50,0.020053824,2.01%
2015-11-11,117.73,0.001957447,0.20%
2015-11-12,115.08,-0.022509131,-2.25%
2015-11-13,112.20,-0.025026069,-2.50%
2015-11-16,115.19,0.026648841,2.66%
2015-11-17,112.89,-0.019967011,-2.00%
2015-11-18,110.82,-0.018336434,-1.83%
2015-11-19,113.12,0.020754376,2.08%
2015-11-20,113.46,0.003005658,0.30%
2015-11-23,124.87,0.100564075,10.06%
2015-11-24,125.67,0.006406663,0.64%
2015-11-25,125.21,-0.00366038,-0.37%
2015-11-26,131.55,0.050634933,5.06%
2015-11-27,118.76,-0.09722539,-9.72%
2015-11-30,115.42,-0.028123947,-2.81%
2015-12-01,114.16,-0.010916652,-1.09%
2015-12-02,114.96,0.007007708,0.70%
2015-12-03,116.69,0.015048713,1.50%
2015-12-04,113.81,-0.024680778,-2.47%
2015-12-07,116.57,0.024250945,2.43%
2015-12-08,111.97,-0.039461268,-3.95%
2015-12-09,108.63,-0.029829419,-2.98%
2015-12-10,108.28,-0.003221946,-0.32%
2015-12-11,106.90,-0.012744736,-1.27%
2015-12-14,110.01,0.02909261,2.91%
2015-12-15,111.97,0.017816562,1.78%
2015-12-16,110.93,-0.009288202,-0.93%
2015-12-17,113.35,0.021815559,2.18%
2015-12-18,124.64,0.099603,9.96%
2015-12-21,120.84,-0.030487805,-3.05%
2015-12-22,121.07,0.001903343,0.19%
2015-12-23,117.61,-0.028578508,-2.86%
2015-12-24,115.42,-0.018620866,-1.86%
2015-12-25,117.96,0.022006585,2.20%
2015-12-28,113.58,-0.037131231,-3.71%
2015-12-29,114.73,0.010125022,1.01%
2015-12-30,116.23,0.013074174,1.31%
2015-12-31,118.42,0.018841951,1.88%
2016-01-04,106.67,-0.099223104,-9.92%
2016-01-05,102.06,-0.043217399,-4.32%
2016-01-06,105.52,0.033901626,3.39%
2016-01-07,95.61,-0.093915845,-9.39%
2016-01-08,96.99,0.014433637,1.44%
2016-01-11,87.78,-0.094958243,-9.50%
2016-01-12,88.35,0.006493506,0.65%
2016-01-13,85.24,-0.035200905,-3.52%
2016-01-14,88.12,0.033786954,3.38%
2016-01-15,84.32,-0.043123014,-4.31%
2016-01-18,85.01,0.008183112,0.82%
2016-01-19,88.58,0.041995059,4.20%
2016-01-20,89.04,0.005193046,0.52%
2016-01-21,84.78,-0.047843666,-4.78%
2016-01-22,86.16,0.016277424,1.63%
2016-01-25,87.09,0.010793872,1.08%
2016-01-26,78.33,-0.100585601,-10.06%
2016-01-27,77.99,-0.00434061,-0.43%
2016-01-28,73.26,-0.060648801,-6.06%
2016-01-29,73.26,0,0.00%
2016-02-01,73.26,0,0.00%
2016-02-02,80.63,0.100600601,10.06%
2016-02-03,84.09,0.042912067,4.29%
2016-02-04,84.21,0.001427042,0.14%
2016-02-05,81.90,-0.027431421,-2.74%
2016-02-15,80.29,-0.01965812,-1.97%
2016-02-16,83.51,0.040104621,4.01%
2016-02-17,84.55,0.012453598,1.25%
2016-02-18,83.86,-0.008160852,-0.82%
2016-02-19,83.98,0.001430956,0.14%
2016-02-22,87.55,0.042510121,4.25%
2016-02-23,85.47,-0.023757853,-2.38%
2016-02-24,87.66,0.025623026,2.56%
2016-02-25,78.91,-0.099817477,-9.98%
2016-02-26,79.37,0.005829426,0.58%
2016-02-29,74.99,-0.055184579,-5.52%
2016-03-01,77.18,0.029203894,2.92%
2016-03-02,80.98,0.049235553,4.92%
2016-03-03,81.44,0.005680415,0.57%
2016-03-04,80.52,-0.01129666,-1.13%
2016-03-07,81.79,0.015772479,1.58%
2016-03-08,81.67,-0.001467172,-0.15%
2016-03-09,79.94,-0.021182809,-2.12%
2016-03-10,78.68,-0.015761821,-1.58%
2016-03-11,78.45,-0.002923233,-0.29%
2016-03-14,81.33,0.036711281,3.67%
2016-03-15,80.40,-0.011434895,-1.14%
2016-03-16,79.37,-0.012810945,-1.28%
2016-03-17,81.79,0.03049011,3.05%
2016-03-18,84.55,0.033744957,3.37%
2016-03-21,85.82,0.015020698,1.50%
2016-03-22,85.82,0,0.00%
2016-03-23,86.16,0.00396178,0.40%
2016-03-24,84.55,-0.018686165,-1.87%
2016-03-25,86.28,0.020461266,2.05%
2016-03-28,86.05,-0.002665739,-0.27%
2016-03-29,83.28,-0.032190587,-3.22%
2016-03-30,86.39,0.0373439,3.73%
2016-03-31,88.47,0.024076861,2.41%
2016-04-01,90.31,0.020798011,2.08%
2016-04-05,91.12,0.008969106,0.90%
2016-04-06,90.66,-0.005048288,-0.50%
2016-04-07,88.58,-0.022942863,-2.29%
2016-04-08,89.04,0.005193046,0.52%
2016-04-11,93.08,0.045372866,4.54%
2016-04-12,92.27,-0.008702192,-0.87%
2016-04-13,92.04,-0.002492685,-0.25%
2016-04-14,93.65,0.017492395,1.75%
2016-04-15,92.73,-0.009823812,-0.98%
2016-04-18,89.97,-0.02976383,-2.98%
2016-04-19,90.20,0.002556408,0.26%
2016-04-20,85.59,-0.051108647,-5.11%
2016-04-21,85.47,-0.001402033,-0.14%
2016-04-22,86.28,0.009477009,0.95%
2016-04-25,85.59,-0.007997218,-0.80%
2016-04-26,86.51,0.010748919,1.07%
2016-04-27,86.28,-0.002658652,-0.27%
2016-04-28,86.74,0.005331479,0.53%
2016-04-29,85.82,-0.01060641,-1.06%
2016-05-03,88.12,0.02680028,2.68%
2016-05-04,88.01,-0.001248298,-0.12%
2016-05-05,89.04,0.011703216,1.17%
2016-05-06,85.59,-0.038746631,-3.87%
2016-05-09,81.44,-0.048486973,-4.85%
2016-05-10,81.44,0,0.00%
2016-05-11,81.56,0.001473477,0.15%
2016-05-12,81.79,0.00282001,0.28%
2016-05-13,81.33,-0.005624159,-0.56%
2016-05-16,83.05,0.021148408,2.11%
2016-05-17,82.59,-0.005538832,-0.55%
2016-05-18,79.83,-0.033418089,-3.34%
2016-05-19,79.94,0.001377928,0.14%
2016-05-20,80.52,0.007255442,0.73%
2016-05-23,81.90,0.017138599,1.71%
2016-05-24,81.67,-0.002808303,-0.28%
2016-05-25,81.33,-0.004163095,-0.42%
2016-05-26,80.87,-0.00565597,-0.57%
2016-05-27,81.90,0.012736491,1.27%
2016-05-30,81.10,-0.00976801,-0.98%
2016-05-31,84.21,0.038347719,3.83%
2016-06-01,86.51,0.027312671,2.73%
2016-06-02,87.20,0.007975957,0.80%
2016-06-03,87.43,0.002637615,0.26%
2016-06-06,90.66,0.036943841,3.69%
2016-06-07,89.85,-0.00893448,-0.89%
2016-06-08,94.80,0.05509182,5.51%
2016-06-13,89.04,-0.060759494,-6.08%
2016-06-14,91.23,0.024595687,2.46%
2016-06-15,100.33,0.09974789,9.97%
2016-06-16,97.80,-0.025216785,-2.52%
2016-06-17,96.07,-0.017689162,-1.77%
2016-06-20,97.93,0.019360883,1.94%
2016-06-21,94.67,-0.033289084,-3.33%
2016-06-22,95.25,0.006126545,0.61%
2016-06-23,93.97,-0.01343832,-1.34%
2016-06-24,91.29,-0.02851974,-2.85%
2016-06-27,94.09,0.030671486,3.07%
2016-06-28,94.67,0.006164311,0.62%
2016-06-29,94.20,-0.004964614,-0.50%
2016-06-30,95.95,0.018577495,1.86%
2016-07-01,94.67,-0.013340281,-1.33%
2016-07-04,95.72,0.011091159,1.11%
2016-07-05,95.60,-0.001253656,-0.13%
2016-07-06,94.67,-0.009728033,-0.97%
2016-07-07,93.97,-0.007394106,-0.74%
2016-07-08,93.39,-0.006172183,-0.62%
2016-07-11,93.50,0.001177856,0.12%
2016-07-12,94.32,0.008770053,0.88%
2016-07-13,94.67,0.003710772,0.37%
2016-07-14,96.77,0.022182318,2.22%
2016-07-15,95.37,-0.014467294,-1.45%
2016-07-18,94.20,-0.012268009,-1.23%
2016-07-19,95.02,0.008704883,0.87%
2016-07-20,95.13,0.001157651,0.12%
2016-07-21,95.60,0.004940608,0.49%
2016-07-22,95.25,-0.003661088,-0.37%
2016-07-25,97.47,0.023307087,2.33%
2016-07-26,97.47,0,0.00%
2016-07-27,93.39,-0.041859034,-4.19%
2016-07-28,95.13,0.018631545,1.86%
2016-07-29,94.43,-0.007358352,-0.74%
2016-08-01,94.32,-0.001164884,-0.12%
2016-08-02,94.43,0.001166243,0.12%
2016-08-03,94.20,-0.002435667,-0.24%
2016-08-04,94.67,0.004989384,0.50%
2016-08-05,99.33,0.049223619,4.92%
2016-08-08,105.51,0.062216853,6.22%
2016-08-09,104.11,-0.013268884,-1.33%
2016-08-10,103.30,-0.007780232,-0.78%
2016-08-11,100.26,-0.029428848,-2.94%
2016-08-12,101.20,0.009375623,0.94%
2016-08-15,102.01,0.008003953,0.80%
2016-08-16,101.43,-0.005685717,-0.57%
2016-08-17,103.65,0.021887016,2.19%
2016-08-18,101.90,-0.016883743,-1.69%
2016-08-19,100.61,-0.01265947,-1.27%
2016-08-22,99.21,-0.013915118,-1.39%
2016-08-23,99.80,0.005946981,0.59%
2016-08-24,98.98,-0.008216433,-0.82%
2016-08-25,99.21,0.002323702,0.23%
2016-08-26,99.33,0.001209555,0.12%
2016-08-29,98.40,-0.00936273,-0.94%
2016-08-30,98.40,0,0.00%
2016-08-31,98.63,0.002337398,0.23%
2016-09-01,97.35,-0.012977796,-1.30%
2016-09-02,95.25,-0.021571649,-2.16%
2016-09-05,95.72,0.004934383,0.49%
2016-09-06,96.77,0.010969494,1.10%
2016-09-07,96.65,-0.001240054,-0.12%
2016-09-08,98.52,0.019348163,1.93%
2016-09-09,96.77,-0.017762891,-1.78%
2016-09-12,93.27,-0.036168234,-3.62%
2016-09-13,93.62,0.003752546,0.38%
2016-09-14,93.27,-0.003738517,-0.37%
2016-09-19,94.55,0.013723598,1.37%
2016-09-20,94.20,-0.003701745,-0.37%
2016-09-21,95.13,0.009872611,0.99%
2016-09-22,95.37,0.002522863,0.25%
2016-09-23,97.12,0.018349586,1.83%
2016-09-26,94.43,-0.027697694,-2.77%
2016-09-27,98.63,0.044477391,4.45%
2016-09-28,98.63,0,0.00%
2016-09-29,97.93,-0.007097232,-0.71%
2016-09-30,98.52,0.006024712,0.60%
2016-10-10,99.21,0.007003654,0.70%
2016-10-11,99.68,0.004737426,0.47%
2016-10-12,99.10,-0.00581862,-0.58%
2016-10-13,99.21,0.00110999,0.11%
2016-10-14,99.45,0.002419111,0.24%
2016-10-17,97.35,-0.021116139,-2.11%
2016-10-18,98.52,0.01201849,1.20%
2016-10-19,97.70,-0.008323183,-0.83%
2016-10-20,98.40,0.00716479,0.72%
2016-10-21,97.35,-0.010670732,-1.07%
2016-10-24,98.05,0.00719055,0.72%
2016-10-25,98.52,0.004793473,0.48%
2016-10-26,98.87,0.003552578,0.36%
2016-10-27,97.82,-0.010620006,-1.06%
2016-10-28,97.23,-0.006031486,-0.60%
2016-10-31,98.05,0.008433611,0.84%
2016-11-01,100.26,0.022539521,2.25%
2016-11-02,98.87,-0.013863954,-1.39%
2016-11-03,100.03,0.011732578,1.17%
2016-11-04,100.50,0.00469859,0.47%
2016-11-07,100.15,-0.003482587,-0.35%
2016-11-08,101.08,0.009286071,0.93%
2016-11-09,101.43,0.003462604,0.35%
2016-11-10,103.18,0.017253278,1.73%
2016-11-11,103.06,-0.001163016,-0.12%
2016-11-14,101.90,-0.011255579,-1.13%
2016-11-15,102.83,0.009126595,0.91%
2016-11-16,102.25,-0.005640377,-0.56%
2016-11-17,102.01,-0.002347188,-0.23%
2016-11-18,101.55,-0.004509362,-0.45%
2016-11-21,102.60,0.010339734,1.03%
2016-11-22,104.46,0.018128655,1.81%
2016-11-23,103.88,-0.005552365,-0.56%
2016-11-24,102.25,-0.015691182,-1.57%
2016-11-25,104.23,0.019364303,1.94%
2016-11-28,103.76,-0.004509258,-0.45%
2016-11-29,100.96,-0.026985351,-2.70%
2016-11-30,106.79,0.057745642,5.77%
2016-12-01,108.89,0.019664763,1.97%
2016-12-02,107.84,-0.009642759,-0.96%
2016-12-05,102.25,-0.051836053,-5.18%
2016-12-06,101.55,-0.006845966,-0.68%
2016-12-07,100.96,-0.005809946,-0.58%
2016-12-08,99.91,-0.010400158,-1.04%
2016-12-09,98.63,-0.01281153,-1.28%
2016-12-12,94.43,-0.042583392,-4.26%
2016-12-13,94.67,0.002541565,0.25%
2016-12-14,94.32,-0.003697053,-0.37%
2016-12-15,95.83,0.01600933,1.60%
2016-12-16,96.77,0.009809037,0.98%
2016-12-19,96.42,-0.003616823,-0.36%
2016-12-20,96.53,0.001140842,0.11%
2016-12-21,96.65,0.001243137,0.12%
2016-12-22,95.95,-0.007242628,-0.72%
2016-12-23,94.43,-0.015841584,-1.58%
2016-12-26,95.02,0.006248014,0.62%
2016-12-27,95.25,0.002420543,0.24%
2016-12-28,94.55,-0.007349081,-0.73%
2016-12-29,94.67,0.00126917,0.13%
2016-12-30,94.43,-0.002535122,-0.25%
2017-01-03,95.83,0.014825797,1.48%
2017-01-04,97.12,0.013461338,1.35%
2017-01-05,102.83,0.058793245,5.88%
2017-01-06,98.75,-0.039677137,-3.97%
2017-01-09,98.75,0,0.00%
2017-01-10,98.05,-0.007088608,-0.71%
2017-01-11,97.00,-0.010708822,-1.07%
2017-01-12,95.25,-0.018041237,-1.80%
2017-01-13,94.78,-0.004934383,-0.49%
2017-01-16,91.29,-0.036822114,-3.68%
2017-01-17,92.57,0.014021251,1.40%
2017-01-18,92.69,0.001296316,0.13%
2017-01-19,91.99,-0.007552055,-0.76%
2017-01-20,93.62,0.017719317,1.77%
2017-01-23,94.09,0.005020295,0.50%
2017-01-24,94.09,0,0.00%
2017-01-25,93.62,-0.004995217,-0.50%
2017-01-26,94.55,0.009933775,0.99%
2017-02-03,94.20,-0.003701745,-0.37%
2017-02-06,94.43,0.002441614,0.24%
2017-02-07,103.88,0.100074129,10.01%
2017-02-08,114.25,0.099826723,9.98%
2017-02-09,120.67,0.05619256,5.62%
2017-02-10,115.77,-0.040606613,-4.06%
2017-02-13,111.57,-0.036278829,-3.63%
2017-02-14,110.06,-0.013534104,-1.35%
2017-02-15,110.06,0,0.00%
2017-02-16,107.49,-0.0233509,-2.34%
2017-02-17,106.09,-0.013024467,-1.30%
2017-02-20,107.84,0.016495428,1.65%
2017-02-21,107.26,-0.005378338,-0.54%
2017-02-22,105.86,-0.013052396,-1.31%
2017-02-23,106.44,0.005478934,0.55%
2017-02-24,106.91,0.004415633,0.44%
2017-02-27,103.53,-0.031615377,-3.16%
2017-02-28,104.46,0.008982904,0.90%
2017-03-01,103.65,-0.007754164,-0.78%
2017-03-02,103.18,-0.004534491,-0.45%
2017-03-03,103.65,0.004555146,0.46%
2017-03-06,104.81,0.01119151,1.12%
2017-03-07,103.65,-0.011067646,-1.11%
2017-03-08,103.76,0.001061264,0.11%
2017-03-09,102.95,-0.007806476,-0.78%
2017-03-10,102.83,-0.001165614,-0.12%
2017-03-13,103.30,0.004570651,0.46%
2017-03-14,102.48,-0.007938045,-0.79%
2017-03-15,101.55,-0.009074941,-0.91%
2017-03-16,102.95,0.013786312,1.38%
2017-03-17,101.66,-0.012530355,-1.25%
2017-03-20,102.95,0.012689357,1.27%
2017-03-21,103.53,0.005633803,0.56%
2017-03-22,102.01,-0.014681735,-1.47%
2017-03-23,99.80,-0.021664543,-2.17%
2017-03-24,100.03,0.002304609,0.23%
2017-03-27,100.96,0.009297211,0.93%
2017-03-28,101.08,0.00118859,0.12%
2017-03-29,99.80,-0.012663237,-1.27%
2017-03-30,95.48,-0.043286573,-4.33%
2017-03-31,95.72,0.002513615,0.25%
2017-04-05,97.35,0.017028834,1.70%
2017-04-06,97.23,-0.001232666,-0.12%
2017-04-07,97.12,-0.001131338,-0.11%
2017-04-10,95.37,-0.018018946,-1.80%
2017-04-11,96.30,0.009751494,0.98%
2017-04-12,95.02,-0.013291796,-1.33%
2017-04-13,95.02,0,0.00%
2017-04-14,93.74,-0.013470848,-1.35%
2017-04-17,91.99,-0.018668658,-1.87%
2017-04-18,91.05,-0.010218502,-1.02%
2017-04-19,88.61,-0.026798462,-2.68%
2017-04-20,88.14,-0.005304142,-0.53%
2017-04-21,88.37,0.002609485,0.26%
2017-04-24,83.36,-0.056693448,-5.67%
2017-04-25,83.94,0.006957774,0.70%
2017-04-26,83.01,-0.011079342,-1.11%
2017-04-27,82.66,-0.004216359,-0.42%
2017-04-28,83.24,0.007016695,0.70%
2017-05-02,84.64,0.016818837,1.68%
2017-05-03,84.41,-0.002717391,-0.27%
2017-05-04,84.06,-0.004146428,-0.41%
2017-05-05,82.43,-0.019390911,-1.94%
2017-05-08,80.33,-0.025476162,-2.55%
2017-05-09,81.73,0.017428109,1.74%
2017-05-10,80.33,-0.017129573,-1.71%
2017-05-11,78.46,-0.023278974,-2.33%
2017-05-12,77.76,-0.008921744,-0.89%
2017-05-15,78.00,0.00308642,0.31%
2017-05-16,79.98,0.025384615,2.54%
2017-05-17,80.68,0.008752188,0.88%
2017-05-18,79.98,-0.008676252,-0.87%
2017-05-19,80.09,0.001375344,0.14%
2017-05-22,78.00,-0.026095642,-2.61%
2017-05-23,74.15,-0.049358974,-4.94%
2017-05-24,75.78,0.021982468,2.20%
2017-05-25,76.01,0.003035102,0.30%
2017-05-26,75.78,-0.003025918,-0.30%
2017-05-31,75.20,-0.007653734,-0.77%
2017-06-01,72.75,-0.032579787,-3.26%
2017-06-02,73.80,0.01443299,1.44%
2017-06-05,74.27,0.006368564,0.64%
2017-06-06,74.85,0.007809344,0.78%
2017-06-07,76.25,0.018704075,1.87%
2017-06-08,75.90,-0.004590164,-0.46%
2017-06-09,76.25,0.004611331,0.46%
2017-06-12,74.85,-0.018360656,-1.84%
2017-06-13,76.01,0.015497662,1.55%
2017-06-14,76.36,0.004604657,0.46%
2017-06-15,78.35,0.026060765,2.61%
2017-06-16,78.46,0.001403957,0.14%
2017-06-19,78.58,0.001529442,0.15%
2017-06-20,78.35,-0.002926953,-0.29%
2017-06-21,78.00,-0.004467135,-0.45%
2017-06-22,76.36,-0.021025641,-2.10%
2017-06-23,76.25,-0.001440545,-0.14%
2017-06-26,77.41,0.015213115,1.52%
2017-06-27,77.30,-0.001421005,-0.14%
2017-06-28,76.60,-0.009055627,-0.91%
2017-06-29,76.95,0.004569191,0.46%
2017-06-30,77.88,0.01208577,1.21%
2017-07-03,78.93,0.01348228,1.35%
2017-07-04,78.70,-0.002913974,-0.29%
2017-07-05,79.28,0.007369759,0.74%
2017-07-06,78.93,-0.004414733,-0.44%
2017-07-07,80.11,0.014949956,1.49%
2017-07-10,79.28,-0.010360754,-1.04%
2017-07-11,78.10,-0.014883956,-1.49%
2017-07-12,77.75,-0.004481434,-0.45%
2017-07-13,77.75,0,0.00%
2017-07-14,77.39,-0.004630225,-0.46%
2017-07-17,73.13,-0.055045872,-5.50%
2017-07-18,73.72,0.008067824,0.81%
2017-07-19,75.02,0.017634292,1.76%
2017-07-20,75.85,0.011063716,1.11%
2017-07-21,75.38,-0.00619644,-0.62%
2017-07-24,75.50,0.001591934,0.16%
2017-07-25,75.73,0.003046358,0.30%
2017-07-26,75.62,-0.001452529,-0.15%
2017-07-27,77.15,0.020232743,2.02%
2017-07-28,76.56,-0.00764744,-0.76%
2017-07-31,76.80,0.003134796,0.31%
2017-08-01,76.92,0.0015625,0.16%
2017-08-02,75.26,-0.021580863,-2.16%
2017-08-03,75.73,0.006245017,0.62%
2017-08-04,75.38,-0.004621682,-0.46%
2017-08-07,75.73,0.004643141,0.46%
2017-08-08,76.33,0.007922884,0.79%
2017-08-09,82.01,0.07441373,7.44%
2017-08-10,81.65,-0.004389709,-0.44%
2017-08-11,81.65,0,0.00%
2017-08-14,83.19,0.018860992,1.89%
2017-08-15,82.12,-0.012862123,-1.29%
2017-08-16,82.95,0.01010716,1.01%
2017-08-17,82.24,-0.008559373,-0.86%
2017-08-18,81.53,-0.008633268,-0.86%
2017-08-21,83.78,0.027597203,2.76%
2017-08-22,82.83,-0.011339222,-1.13%
2017-08-23,82.12,-0.008571774,-0.86%
2017-08-24,80.47,-0.020092547,-2.01%
2017-08-25,80.59,0.001491239,0.15%
2017-08-28,81.41,0.01017496,1.02%
2017-08-29,83.19,0.021864636,2.19%
2017-08-30,83.54,0.004207236,0.42%
2017-08-31,83.19,-0.00418961,-0.42%
2017-09-01,83.54,0.004207236,0.42%
2017-09-04,84.96,0.016997845,1.70%
2017-09-05,84.37,-0.006944444,-0.69%
2017-09-06,84.73,0.00426692,0.43%
2017-09-07,83.43,-0.015342854,-1.53%
2017-09-08,83.07,-0.004314995,-0.43%
2017-09-11,83.43,0.004333694,0.43%
2017-09-12,83.07,-0.004314995,-0.43%
2017-09-13,82.24,-0.009991573,-1.00%
2017-09-14,83.07,0.010092412,1.01%
2017-09-15,82.83,-0.00288913,-0.29%
2017-09-18,82.72,-0.001328021,-0.13%
2017-09-19,82.24,-0.005802708,-0.58%
2017-09-20,82.36,0.001459144,0.15%
2017-09-21,81.89,-0.005706654,-0.57%
2017-09-22,81.06,-0.010135548,-1.01%
2017-09-25,79.28,-0.021959043,-2.20%
2017-09-26,79.88,0.007568113,0.76%
2017-09-27,80.35,0.005883826,0.59%
2017-09-28,81.41,0.013192284,1.32%
2017-09-29,81.30,-0.001351185,-0.14%
2017-10-09,81.77,0.005781058,0.58%
2017-10-10,82.48,0.008682891,0.87%
2017-10-11,83.19,0.008608147,0.86%
2017-10-12,84.96,0.021276596,2.13%
2017-10-13,85.91,0.011181733,1.12%
2017-10-16,84.25,-0.019322547,-1.93%
2017-10-17,85.08,0.009851632,0.99%
2017-10-18,82.48,-0.030559473,-3.06%
2017-10-19,80.59,-0.022914646,-2.29%
2017-10-20,81.53,0.011663978,1.17%
2017-10-23,82.12,0.0072366,0.72%
2017-10-24,82.01,-0.001339503,-0.13%
2017-10-25,82.72,0.008657481,0.87%
2017-10-26,83.07,0.004231141,0.42%
2017-10-27,82.72,-0.004213314,-0.42%
2017-10-30,82.95,0.002780464,0.28%
2017-10-31,84.02,0.012899337,1.29%
2017-11-01,83.19,-0.0098786,-0.99%
2017-11-02,81.41,-0.021396803,-2.14%
2017-11-03,81.06,-0.004299226,-0.43%
2017-11-06,81.41,0.004317789,0.43%
2017-11-07,81.41,0,0.00%
2017-11-08,81.06,-0.004299226,-0.43%
2017-11-09,81.06,0,0.00%
2017-11-10,80.59,-0.005798174,-0.58%
2017-11-13,79.40,-0.0147661,-1.48%
2017-11-14,79.17,-0.002896725,-0.29%
2017-11-15,78.69,-0.006062903,-0.61%
2017-11-16,79.17,0.006099886,0.61%
2017-11-17,75.73,-0.043450802,-4.35%
2017-11-20,76.92,0.01571372,1.57%
2017-11-21,76.92,0,0.00%
2017-11-22,74.55,-0.030811232,-3.08%
2017-11-23,71.59,-0.039704896,-3.97%
2017-11-24,70.05,-0.021511384,-2.15%
2017-11-27,70.29,0.003426124,0.34%
2017-11-28,71.00,0.01010101,1.01%
2017-11-29,70.41,-0.008309859,-0.83%
2017-11-30,71.00,0.008379492,0.84%
2017-12-01,71.95,0.013380282,1.34%
2017-12-04,72.07,0.001667825,0.17%
2017-12-05,72.30,0.003191342,0.32%
2017-12-06,76.92,0.063900415,6.39%
2017-12-07,80.70,0.049141966,4.91%
2017-12-08,80.94,0.002973978,0.30%
2017-12-11,80.11,-0.01025451,-1.03%
2017-12-12,83.54,0.042816128,4.28%
2017-12-13,82.72,-0.009815657,-0.98%
2017-12-14,84.73,0.024298839,2.43%
2017-12-15,84.14,-0.006963295,-0.70%
2017-12-18,84.73,0.007012123,0.70%
2017-12-19,88.16,0.04048153,4.05%
2017-12-20,81.65,-0.073843013,-7.38%
2017-12-21,80.35,-0.015921617,-1.59%
2017-12-22,79.99,-0.004480398,-0.45%
2017-12-25,80.11,0.001500188,0.15%
2017-12-26,80.47,0.004493821,0.45%
2017-12-27,80.35,-0.001491239,-0.15%
2017-12-28,79.52,-0.010329807,-1.03%
2017-12-29,79.99,0.005910463,0.59%
2018-01-02,79.99,0,0.00%
2018-01-03,79.99,0,0.00%
2018-01-04,79.76,-0.002875359,-0.29%
2018-01-05,79.28,-0.006018054,-0.60%
2018-01-08,78.81,-0.005928355,-0.59%
2018-01-09,77.27,-0.019540667,-1.95%
2018-01-10,76.68,-0.007635564,-0.76%
2018-01-11,76.80,0.001564945,0.16%
2018-01-12,76.80,0,0.00%
2018-01-15,75.85,-0.012369792,-1.24%
2018-01-16,78.93,0.04060646,4.06%
2018-01-17,77.86,-0.013556316,-1.36%
2018-01-18,82.83,0.06383252,6.38%
2018-01-19,75.50,-0.088494507,-8.85%
2018-01-22,72.07,-0.045430464,-4.54%
2018-01-23,70.53,-0.021368114,-2.14%
2018-01-24,70.41,-0.001701404,-0.17%
2018-01-25,70.76,0.004970885,0.50%
2018-01-26,71.71,0.013425664,1.34%
2018-01-29,70.76,-0.013247804,-1.32%
2018-01-30,71.00,0.003391747,0.34%
2018-01-31,71.47,0.006619718,0.66%
2018-02-01,69.58,-0.026444662,-2.64%
2018-02-02,70.17,0.008479448,0.85%
2018-02-05,69.46,-0.010118284,-1.01%
2018-02-06,67.57,-0.027209905,-2.72%
2018-02-07,67.45,-0.001775936,-0.18%
2018-02-08,68.04,0.00874722,0.87%
2018-02-09,67.45,-0.00867137,-0.87%
2018-02-12,67.21,-0.003558191,-0.36%
2018-02-13,67.10,-0.001636661,-0.16%
2018-02-14,67.69,0.008792846,0.88%
2018-02-22,68.87,0.017432412,1.74%
2018-02-23,69.34,0.006824452,0.68%
2018-02-26,71.00,0.023940006,2.39%
2018-02-27,70.76,-0.003380282,-0.34%
2018-02-28,72.30,0.021763708,2.18%
2018-03-01,72.18,-0.001659751,-0.17%
2018-03-02,71.95,-0.003186478,-0.32%
2018-03-05,72.54,0.008200139,0.82%
2018-03-06,72.89,0.004824924,0.48%
2018-03-07,71.83,-0.014542461,-1.45%
2018-03-08,71.47,-0.005011833,-0.50%
2018-03-09,74.43,0.041415979,4.14%
2018-03-12,75.26,0.011151417,1.12%
2018-03-13,74.31,-0.012622907,-1.26%
2018-03-14,73.84,-0.006324855,-0.63%
2018-03-15,74.67,0.01124052,1.12%
2018-03-16,74.31,-0.004821213,-0.48%
2018-03-19,75.38,0.014399139,1.44%
2018-03-20,75.38,0,0.00%
2018-03-21,75.14,-0.003183868,-0.32%
2018-03-22,74.43,-0.009449028,-0.94%
2018-03-23,71.59,-0.038156657,-3.82%
2018-03-26,74.43,0.039670345,3.97%
2018-03-27,73.96,-0.006314658,-0.63%
2018-03-28,73.13,-0.011222282,-1.12%
2018-03-29,77.04,0.05346643,5.35%
2018-03-30,79.17,0.027647975,2.76%
2018-04-02,79.99,0.010357459,1.04%
2018-04-03,78.69,-0.016252032,-1.63%
2018-04-04,78.22,-0.005972805,-0.60%
2018-04-09,77.63,-0.007542828,-0.75%
2018-04-10,78.22,0.007600155,0.76%
2018-04-11,78.93,0.009076962,0.91%
2018-04-12,77.75,-0.014949956,-1.49%
2018-04-13,76.80,-0.01221865,-1.22%
2018-04-16,76.80,0,0.00%
2018-04-17,76.33,-0.006119792,-0.61%
2018-04-18,81.65,0.069697367,6.97%
2018-04-19,82.83,0.014451929,1.45%
2018-04-20,82.36,-0.005674273,-0.57%
2018-04-23,83.43,0.012991744,1.30%
2018-04-24,86.38,0.035358984,3.54%
2018-04-25,91.35,0.057536467,5.75%
2018-04-26,87.45,-0.042692939,-4.27%
2018-04-27,89.70,0.025728988,2.57%
2018-05-02,80.70,-0.100334448,-10.03%
2018-05-03,72.66,-0.099628253,-9.96%
2018-05-04,71.12,-0.021194605,-2.12%
2018-05-07,70.88,-0.003374578,-0.34%
2018-05-08,70.76,-0.001693002,-0.17%
2018-05-09,69.82,-0.013284341,-1.33%
2018-05-10,69.70,-0.001718705,-0.17%
2018-05-11,69.70,0,0.00%
2018-05-14,68.87,-0.011908178,-1.19%
2018-05-15,68.87,0,0.00%
2018-05-16,68.40,-0.006824452,-0.68%
2018-05-17,68.99,0.008625731,0.86%
2018-05-18,68.87,-0.001739383,-0.17%
2018-05-21,69.46,0.008566865,0.86%
2018-05-22,69.34,-0.001727613,-0.17%
2018-05-23,68.52,-0.011825786,-1.18%
2018-05-24,67.92,-0.008756567,-0.88%
2018-05-25,66.98,-0.013839812,-1.38%
2018-05-28,66.98,0,0.00%
2018-05-29,67.81,0.012391759,1.24%
2018-05-30,68.16,0.005161481,0.52%
2018-05-31,71.12,0.04342723,4.34%
2018-06-01,69.94,-0.016591676,-1.66%
2018-06-04,69.70,-0.003431513,-0.34%
2018-06-05,66.74,-0.042467719,-4.25%
2018-06-06,66.03,-0.010638298,-1.06%
2018-06-07,65.20,-0.012570044,-1.26%
2018-06-08,63.55,-0.025306748,-2.53%
2018-06-11,63.43,-0.001888277,-0.19%
2018-06-12,63.78,0.005517894,0.55%
2018-06-13,63.90,0.001881468,0.19%
2018-06-14,63.31,-0.009233177,-0.92%
2018-06-15,61.42,-0.029853104,-2.99%
2018-06-19,55.38,-0.098339303,-9.83%
2018-06-20,56.21,0.01498736,1.50%
2018-06-21,55.14,-0.019035759,-1.90%
2018-06-22,56.21,0.019405151,1.94%
2018-06-25,56.09,-0.002134851,-0.21%
2018-06-26,56.33,0.004278838,0.43%
2018-06-27,56.33,0,0.00%
2018-06-28,55.74,-0.010473993,-1.05%
2018-06-29,56.68,0.016864011,1.69%
2018-07-02,56.21,-0.008292167,-0.83%
2018-07-03,57.04,0.014766056,1.48%
2018-07-04,55.97,-0.018758766,-1.88%
2018-07-05,54.08,-0.03376809,-3.38%
2018-07-06,53.49,-0.010909763,-1.09%
2018-07-09,56.56,0.057393905,5.74%
2018-07-10,55.62,-0.016619519,-1.66%
2018-07-11,55.02,-0.010787487,-1.08%
2018-07-12,56.10,0.019629226,1.96%
2018-07-13,56.33,0.004099822,0.41%
2018-07-16,55.98,-0.006213385,-0.62%
2018-07-17,55.98,0,0.00%
2018-07-18,56.10,0.002143623,0.21%
2018-07-19,55.38,-0.012834225,-1.28%
2018-07-20,56.57,0.021487902,2.15%
2018-07-23,57.17,0.010606328,1.06%
2018-07-24,58.73,0.027287039,2.73%
2018-07-25,58.61,-0.002043249,-0.20%
2018-07-26,60.17,0.026616618,2.66%
2018-07-27,58.73,-0.023932192,-2.39%
2018-07-30,58.13,-0.010216244,-1.02%
2018-07-31,59.09,0.016514708,1.65%
2018-08-01,58.13,-0.016246404,-1.62%
2018-08-02,56.81,-0.022707724,-2.27%
2018-08-03,56.22,-0.010385496,-1.04%
2018-08-06,55.38,-0.014941302,-1.49%
2018-08-07,56.33,0.017154207,1.72%
2018-08-08,55.62,-0.012604296,-1.26%
2018-08-09,57.41,0.032182668,3.22%
2018-08-10,57.53,0.002090228,0.21%
2018-08-13,56.93,-0.010429341,-1.04%
2018-08-14,56.93,0,0.00%
2018-08-15,55.74,-0.020902863,-2.09%
2018-08-16,55.50,-0.004305705,-0.43%
2018-08-17,56.33,0.014954955,1.50%
2018-08-20,55.86,-0.008343689,-0.83%
2018-08-21,55.98,0.002148228,0.21%
2018-08-22,55.98,0,0.00%
2018-08-23,56.10,0.002143623,0.21%
2018-08-24,56.33,0.004099822,0.41%
2018-08-27,56.93,0.010651518,1.07%
2018-08-28,57.17,0.004215703,0.42%
2018-08-29,57.05,-0.002099003,-0.21%
2018-08-30,56.33,-0.012620508,-1.26%
2018-08-31,56.33,0,0.00%
2018-09-03,57.77,0.025563643,2.56%
2018-09-04,57.41,-0.006231608,-0.62%
2018-09-05,57.41,0,0.00%
2018-09-06,56.81,-0.010451141,-1.05%
2018-09-07,56.81,0,0.00%
2018-09-10,55.98,-0.014610104,-1.46%
2018-09-11,56.10,0.002143623,0.21%
2018-09-12,55.62,-0.00855615,-0.86%
2018-09-13,55.38,-0.004314995,-0.43%
2018-09-14,54.54,-0.015167931,-1.52%
2018-09-17,54.42,-0.00220022,-0.22%
2018-09-18,54.90,0.008820287,0.88%
2018-09-19,54.78,-0.002185792,-0.22%
2018-09-20,55.38,0.010952903,1.10%
2018-09-21,56.33,0.017154207,1.72%
2018-09-25,56.10,-0.004083082,-0.41%
2018-09-26,56.45,0.006238859,0.62%
2018-09-27,55.98,-0.008325952,-0.83%
2018-09-28,56.45,0.008395856,0.84%
2018-10-08,55.74,-0.012577502,-1.26%
2018-10-09,55.38,-0.006458558,-0.65%
2018-10-10,55.02,-0.006500542,-0.65%
2018-10-11,51.54,-0.063249727,-6.32%
2018-10-12,51.90,0.006984866,0.70%
2018-10-15,51.42,-0.009248555,-0.92%
2018-10-16,51.18,-0.004667445,-0.47%
2018-10-17,50.82,-0.007033998,-0.70%
2018-10-18,50.34,-0.0094451,-0.94%
2018-10-19,50.94,0.011918951,1.19%
2018-10-22,52.38,0.028268551,2.83%
2018-10-23,51.66,-0.013745704,-1.37%
2018-10-24,51.54,-0.00232288,-0.23%
2018-10-25,51.06,-0.009313155,-0.93%
2018-10-26,51.78,0.014101058,1.41%
2018-10-29,51.78,0,0.00%
2018-10-30,52.50,0.013904983,1.39%
2018-10-31,52.86,0.006857143,0.69%
2018-11-01,52.38,-0.00908059,-0.91%
2018-11-02,53.10,0.013745704,1.37%
2018-11-05,53.10,0,0.00%
2018-11-06,53.22,0.002259887,0.23%
2018-11-07,53.58,0.006764374,0.68%
2018-11-08,53.22,-0.006718925,-0.67%
2018-11-09,53.46,0.004509583,0.45%
2018-11-12,54.30,0.015712682,1.57%
2018-11-13,55.50,0.022099448,2.21%
2018-11-14,54.78,-0.012972973,-1.30%
2018-11-15,55.38,0.010952903,1.10%
2018-11-16,55.86,0.008667389,0.87%
2018-11-19,56.33,0.008413892,0.84%
2018-11-20,54.90,-0.025386118,-2.54%
2018-11-21,55.02,0.002185792,0.22%
2018-11-22,56.22,0.021810251,2.18%
2018-11-23,60.65,0.078797581,7.88%
2018-11-26,61.61,0.015828524,1.58%
2018-11-27,58.37,-0.052588865,-5.26%
2018-11-28,56.93,-0.024670207,-2.47%
2018-11-29,55.14,-0.031442122,-3.14%
2018-11-30,53.94,-0.021762786,-2.18%
2018-12-03,55.02,0.020022247,2.00%
2018-12-04,55.14,0.002181025,0.22%
2018-12-05,54.18,-0.017410229,-1.74%
2018-12-06,53.10,-0.019933555,-1.99%
2018-12-07,53.94,0.015819209,1.58%
2018-12-10,53.10,-0.015572859,-1.56%
2018-12-11,53.70,0.011299435,1.13%
2018-12-12,54.30,0.011173184,1.12%
2018-12-13,54.54,0.00441989,0.44%
2018-12-14,51.30,-0.059405941,-5.94%
2018-12-17,51.42,0.002339181,0.23%
2018-12-18,51.42,0,0.00%
2018-12-19,51.06,-0.007001167,-0.70%
2018-12-20,51.30,0.004700353,0.47%
2018-12-21,50.70,-0.011695906,-1.17%
2018-12-24,50.82,0.002366864,0.24%
2018-12-25,49.86,-0.018890201,-1.89%
2018-12-26,49.98,0.002406739,0.24%
2018-12-27,49.26,-0.014405762,-1.44%
2018-12-28,49.26,0,0.00%
2019-01-02,50.58,0.02679659,2.68%
2019-01-03,50.70,0.002372479,0.24%
2019-01-04,51.78,0.021301775,2.13%
2019-01-07,52.14,0.006952491,0.70%
2019-01-08,51.78,-0.006904488,-0.69%
2019-01-09,52.38,0.011587486,1.16%
2019-01-10,52.02,-0.006872852,-0.69%
2019-01-11,52.74,0.01384083,1.38%
2019-01-14,52.02,-0.013651877,-1.37%
2019-01-15,52.38,0.006920415,0.69%
2019-01-16,52.38,0,0.00%
2019-01-17,51.54,-0.016036655,-1.60%
2019-01-18,51.90,0.006984866,0.70%
2019-01-21,52.14,0.004624277,0.46%
2019-01-22,51.78,-0.006904488,-0.69%
2019-01-23,52.02,0.004634994,0.46%
2019-01-24,52.50,0.00922722,0.92%
2019-01-25,53.22,0.013714286,1.37%
2019-01-28,53.10,-0.002254791,-0.23%
2019-01-29,52.26,-0.015819209,-1.58%
2019-01-30,51.66,-0.011481056,-1.15%
2019-01-31,51.06,-0.011614402,-1.16%
2019-02-01,52.02,0.01880141,1.88%
2019-02-11,53.22,0.023068051,2.31%
2019-02-12,53.46,0.004509583,0.45%
2019-02-13,55.38,0.035914703,3.59%
2019-02-14,55.26,-0.002166847,-0.22%
2019-02-15,55.86,0.010857763,1.09%
2019-02-18,56.57,0.012710347,1.27%
2019-02-19,56.45,-0.002121266,-0.21%
2019-02-20,56.45,0,0.00%
2019-02-21,56.33,-0.002125775,-0.21%
2019-02-22,57.17,0.014912125,1.49%
2019-02-25,58.85,0.029386042,2.94%
2019-02-26,58.37,-0.00815633,-0.82%
2019-02-27,57.77,-0.010279253,-1.03%
2019-02-28,58.25,0.008308811,0.83%
2019-03-01,58.37,0.002060086,0.21%
2019-03-04,58.61,0.004111701,0.41%
2019-03-05,59.09,0.008189729,0.82%
2019-03-06,60.41,0.022338805,2.23%
2019-03-07,61.73,0.021850687,2.19%
2019-03-08,58.73,-0.048598736,-4.86%
2019-03-11,60.29,0.026562234,2.66%
2019-03-12,61.25,0.015923039,1.59%
2019-03-13,60.29,-0.015673469,-1.57%
2019-03-14,58.25,-0.033836457,-3.38%
2019-03-15,58.97,0.012360515,1.24%
2019-03-18,60.65,0.028489062,2.85%
2019-03-19,60.77,0.001978566,0.20%
2019-03-20,61.01,0.003949317,0.39%
2019-03-21,63.53,0.041304704,4.13%
2019-03-22,64.61,0.016999843,1.70%
2019-03-25,66.04,0.022132797,2.21%
2019-03-26,64.85,-0.018019382,-1.80%
2019-03-27,65.08,0.003546646,0.35%
2019-03-28,63.77,-0.020129072,-2.01%
2019-03-29,64.61,0.013172338,1.32%
2019-04-01,66.64,0.031419285,3.14%
2019-04-02,67.84,0.018007203,1.80%
2019-04-03,68.56,0.010613208,1.06%
2019-04-04,68.44,-0.001750292,-0.18%
2019-04-08,70.60,0.031560491,3.16%
2019-04-09,72.88,0.032294618,3.23%
2019-04-10,74.31,0.019621295,1.96%
2019-04-11,72.04,-0.030547706,-3.05%
2019-04-12,73.36,0.018323154,1.83%
2019-04-15,73.12,-0.003271538,-0.33%
2019-04-16,74.67,0.021198031,2.12%
2019-04-17,73.36,-0.01754386,-1.75%
2019-04-18,73.36,0,0.00%
2019-04-19,72.16,-0.016357688,-1.64%
2019-04-22,71.20,-0.013303769,-1.33%
2019-04-23,70.12,-0.015168539,-1.52%
2019-04-24,70.00,-0.001711352,-0.17%
2019-04-25,67.12,-0.041142857,-4.11%
2019-04-26,66.16,-0.014302741,-1.43%
2019-04-29,67.84,0.025392987,2.54%
2019-04-30,67.72,-0.001768868,-0.18%
2019-05-06,62.21,-0.081364442,-8.14%
2019-05-07,62.45,0.003857901,0.39%
2019-05-08,65.20,0.044035228,4.40%
2019-05-09,65.92,0.011042945,1.10%
2019-05-10,67.96,0.030946602,3.09%
2019-05-13,69.76,0.026486168,2.65%
2019-05-14,68.56,-0.017201835,-1.72%
2019-05-15,70.24,0.024504084,2.45%
2019-05-16,70.72,0.006833713,0.68%
2019-05-17,70.00,-0.010180995,-1.02%
2019-05-20,69.52,-0.006857143,-0.69%
2019-05-21,70.36,0.012082854,1.21%
2019-05-22,70.36,0,0.00%
2019-05-23,69.16,-0.017055145,-1.71%
2019-05-24,70.60,0.020821284,2.08%
2019-05-27,71.32,0.0101983,1.02%
2019-05-28,71.56,0.003365115,0.34%
2019-05-29,71.92,0.005030743,0.50%
2019-05-30,70.48,-0.020022247,-2.00%
2019-05-31,69.52,-0.013620885,-1.36%
2019-06-03,69.16,-0.005178366,-0.52%
2019-06-04,67.72,-0.020821284,-2.08%
2019-06-05,63.17,-0.067188423,-6.72%
2019-06-06,62.69,-0.007598544,-0.76%
2019-06-10,60.41,-0.036369437,-3.64%
2019-06-11,63.41,0.049660652,4.97%
2019-06-12,63.05,-0.005677338,-0.57%
2019-06-13,62.93,-0.001903251,-0.19%
2019-06-14,61.37,-0.024789449,-2.48%
2019-06-17,60.77,-0.009776764,-0.98%
2019-06-18,60.65,-0.001974659,-0.20%
2019-06-19,61.49,0.013849959,1.38%
2019-06-20,62.45,0.015612295,1.56%
2019-06-21,63.65,0.019215372,1.92%
2019-06-24,64.49,0.013197172,1.32%
2019-06-25,62.45,-0.031632811,-3.16%
2019-06-26,63.89,0.023058447,2.31%
2019-06-27,65.08,0.018625763,1.86%
2019-06-28,65.32,0.003687769,0.37%
2019-07-01,67.84,0.038579302,3.86%
2019-07-02,69.16,0.019457547,1.95%
2019-07-03,71.08,0.027761712,2.78%
2019-07-04,70.60,-0.006752954,-0.68%
2019-07-05,70.12,-0.006798867,-0.68%
2019-07-08,67.48,-0.037649743,-3.76%
2019-07-09,66.40,-0.016004742,-1.60%
2019-07-10,66.16,-0.003614458,-0.36%
2019-07-11,66.28,0.001813785,0.18%
2019-07-12,66.28,0,0.00%
2019-07-15,67.96,0.025347013,2.53%
2019-07-16,68.44,0.007062978,0.71%
2019-07-17,68.20,-0.003506721,-0.35%
2019-07-18,67.60,-0.008797654,-0.88%
2019-07-19,67.72,0.001775148,0.18%
2019-07-22,66.25,-0.021707029,-2.17%
2019-07-23,65.01,-0.018716981,-1.87%
2019-07-24,65.14,0.001999692,0.20%
2019-07-25,64.40,-0.011360147,-1.14%
2019-07-26,65.14,0.011490683,1.15%
2019-07-29,65.01,-0.001995702,-0.20%
2019-07-30,65.14,0.001999692,0.20%
2019-07-31,64.65,-0.00752226,-0.75%
2019-08-01,63.17,-0.022892498,-2.29%
2019-08-02,63.41,0.003799272,0.38%
2019-08-05,61.94,-0.023182463,-2.32%
2019-08-06,60.58,-0.021956732,-2.20%
2019-08-07,60.95,0.006107626,0.61%
2019-08-08,60.46,-0.008039377,-0.80%
2019-08-09,60.83,0.006119749,0.61%
2019-08-12,60.58,-0.004109814,-0.41%
2019-08-13,60.95,0.006107626,0.61%
2019-08-14,62.18,0.020180476,2.02%
2019-08-15,61.69,-0.007880347,-0.79%
2019-08-16,61.69,0,0.00%
2019-08-19,63.66,0.031933863,3.19%
2019-08-20,65.63,0.030945649,3.09%
2019-08-21,66.86,0.018741429,1.87%
2019-08-22,68.22,0.020341011,2.03%
2019-08-23,65.88,-0.034300792,-3.43%
2019-08-26,65.01,-0.013205829,-1.32%
2019-08-27,65.51,0.007691124,0.77%
2019-08-28,64.89,-0.009464204,-0.95%
2019-08-29,64.40,-0.007551241,-0.76%
2019-08-30,64.40,0,0.00%
2019-09-02,64.40,0,0.00%
2019-09-03,63.78,-0.009627329,-0.96%
2019-09-04,64.65,0.01364064,1.36%
2019-09-05,64.52,-0.002010828,-0.20%
2019-09-06,64.28,-0.003719777,-0.37%
2019-09-09,64.65,0.005756067,0.58%
2019-09-10,65.75,0.017014695,1.70%
2019-09-11,64.77,-0.014904943,-1.49%
2019-09-12,64.52,-0.003859812,-0.39%
2019-09-16,64.28,-0.003719777,-0.37%
2019-09-17,62.68,-0.024891101,-2.49%
2019-09-18,62.43,-0.003988513,-0.40%
2019-09-19,62.80,0.005926638,0.59%
2019-09-20,62.55,-0.003980892,-0.40%
2019-09-23,61.94,-0.009752198,-0.98%
2019-09-24,62.18,0.003874717,0.39%
2019-09-25,61.94,-0.003859762,-0.39%
2019-09-26,60.34,-0.02583145,-2.58%
2019-09-27,60.95,0.01010938,1.01%
2019-09-30,61.07,0.001968827,0.20%
2019-10-08,62.06,0.016210906,1.62%
2019-10-09,62.55,0.007895585,0.79%
2019-10-10,62.18,-0.005915268,-0.59%
2019-10-11,62.55,0.005950466,0.60%
2019-10-14,62.55,0,0.00%
2019-10-15,61.32,-0.019664269,-1.97%
2019-10-16,60.95,-0.00603392,-0.60%
2019-10-17,59.60,-0.022149303,-2.21%
2019-10-18,58.98,-0.010402685,-1.04%
2019-10-21,58.61,-0.006273313,-0.63%
2019-10-22,59.35,0.012625832,1.26%
2019-10-23,58.73,-0.010446504,-1.04%
2019-10-24,59.35,0.010556785,1.06%
2019-10-25,59.60,0.0042123,0.42%
2019-10-28,61.44,0.030872483,3.09%
2019-10-29,61.44,0,0.00%
2019-10-30,63.78,0.038085938,3.81%
2019-10-31,62.80,-0.015365318,-1.54%
2019-11-01,62.55,-0.003980892,-0.40%
2019-11-04,63.29,0.011830536,1.18%
2019-11-05,63.91,0.009796176,0.98%
2019-11-06,63.66,-0.003911751,-0.39%
2019-11-07,63.66,0,0.00%
2019-11-08,63.66,0,0.00%
2019-11-11,63.04,-0.00973924,-0.97%
2019-11-12,63.17,0.002062183,0.21%
2019-11-13,63.29,0.001899636,0.19%
2019-11-14,61.57,-0.027176489,-2.72%
2019-11-15,61.57,0,0.00%
2019-11-18,61.57,0,0.00%
2019-11-19,61.69,0.001949001,0.19%
2019-11-20,61.81,0.00194521,0.19%
2019-11-21,61.81,0,0.00%
2019-11-22,61.57,-0.003882867,-0.39%
2019-11-25,64.28,0.044014942,4.40%
2019-11-26,65.14,0.013378967,1.34%
2019-11-27,65.88,0.011360147,1.14%
2019-11-28,64.15,-0.026259866,-2.63%
2019-11-29,64.40,0.003897116,0.39%
2019-12-02,64.15,-0.003881988,-0.39%
2019-12-03,65.14,0.01543258,1.54%
2019-12-04,66.00,0.013202333,1.32%
2019-12-05,65.75,-0.003787879,-0.38%
2019-12-06,66.37,0.009429658,0.94%
2019-12-09,65.14,-0.018532469,-1.85%
2019-12-10,63.91,-0.018882407,-1.89%
2019-12-11,63.54,-0.005789391,-0.58%
2019-12-12,63.78,0.003777148,0.38%
2019-12-13,65.75,0.030887426,3.09%
2019-12-16,65.63,-0.001825095,-0.18%
2019-12-17,65.88,0.003809234,0.38%
2019-12-18,64.89,-0.015027322,-1.50%
2019-12-19,64.03,-0.013253198,-1.33%
2019-12-20,62.18,-0.028892707,-2.89%
2019-12-23,60.46,-0.027661628,-2.77%
2019-12-24,60.46,0,0.00%
2019-12-25,60.34,-0.001984783,-0.20%
2019-12-26,60.09,-0.004143189,-0.41%
2019-12-27,60.09,0,0.00%
2019-12-30,60.46,0.006157431,0.62%
2019-12-31,60.34,-0.001984783,-0.20%
2020-01-02,61.32,0.016241299,1.62%
2020-01-03,61.07,-0.004076973,-0.41%
2020-01-06,60.95,-0.001964958,-0.20%
2020-01-07,61.44,0.008039377,0.80%
2020-01-08,60.34,-0.017903646,-1.79%
2020-01-09,60.83,0.00812065,0.81%
2020-01-10,60.70,-0.002137103,-0.21%
2020-01-13,61.44,0.012191104,1.22%
2020-01-14,62.80,0.022135417,2.21%
2020-01-15,61.57,-0.019585987,-1.96%
2020-01-16,62.06,0.007958421,0.80%
2020-01-17,61.44,-0.009990332,-1.00%
2020-01-20,61.20,-0.00390625,-0.39%
2020-01-21,60.83,-0.006045752,-0.60%
2020-01-22,60.70,-0.002137103,-0.21%
2020-01-23,59.97,-0.012026359,-1.20%
2020-02-03,53.93,-0.100717025,-10.07%
2020-02-04,48.88,-0.093639904,-9.36%
2020-02-05,50.12,0.025368249,2.54%
2020-02-06,50.73,0.01217079,1.22%
2020-02-07,52.82,0.041198502,4.12%
2020-02-10,54.06,0.023475956,2.35%
2020-02-11,54.43,0.006844247,0.68%
2020-02-12,54.67,0.004409333,0.44%
2020-02-13,54.30,-0.00676788,-0.68%
2020-02-14,53.07,-0.022651934,-2.27%
2020-02-17,54.30,0.023176936,2.32%
2020-02-18,54.79,0.009023941,0.90%
2020-02-19,54.55,-0.004380361,-0.44%
2020-02-20,55.53,0.01796517,1.80%
2020-02-21,55.29,-0.004321988,-0.43%
2020-02-24,54.79,-0.009043227,-0.90%
2020-02-25,55.04,0.004562876,0.46%
2020-02-26,58.98,0.071584302,7.16%
2020-02-27,64.89,0.100203459,10.02%
2020-02-28,66.25,0.020958545,2.10%
2020-03-02,65.01,-0.018716981,-1.87%
2020-03-03,64.15,-0.013228734,-1.32%
2020-03-04,62.92,-0.019173811,-1.92%
2020-03-05,63.78,0.01366815,1.37%
2020-03-06,70.19,0.100501725,10.05%
2020-03-09,68.95,-0.017666334,-1.77%
2020-03-10,65.01,-0.057142857,-5.71%
2020-03-11,62.68,-0.03584064,-3.58%
2020-03-12,64.03,0.021537971,2.15%
2020-03-13,59.84,-0.065438076,-6.54%
2020-03-16,59.23,-0.01019385,-1.02%
2020-03-17,56.76,-0.04170184,-4.17%
2020-03-18,54.92,-0.032417195,-3.24%
2020-03-19,54.18,-0.013474144,-1.35%
2020-03-20,55.29,0.020487265,2.05%
2020-03-23,54.92,-0.006691988,-0.67%
2020-03-24,55.04,0.002184996,0.22%
2020-03-25,56.76,0.03125,3.13%
2020-03-26,55.90,-0.015151515,-1.52%
2020-03-27,59.84,0.070483005,7.05%
2020-03-30,56.89,-0.049298128,-4.93%
2020-03-31,54.67,-0.039022675,-3.90%
2020-04-01,53.93,-0.01353576,-1.35%
2020-04-02,54.55,0.011496384,1.15%
2020-04-03,55.29,0.013565536,1.36%
2020-04-07,56.27,0.017724724,1.77%
2020-04-08,56.52,0.004442865,0.44%
2020-04-09,56.27,-0.004423213,-0.44%
2020-04-10,54.92,-0.02399147,-2.40%
2020-04-13,55.66,0.013474144,1.35%
2020-04-14,55.78,0.002155947,0.22%
2020-04-15,55.16,-0.011115095,-1.11%
2020-04-16,54.18,-0.017766497,-1.78%
2020-04-17,54.18,0,0.00%
2020-04-20,54.30,0.002214839,0.22%
2020-04-21,54.43,0.002394107,0.24%
2020-04-22,54.67,0.004409333,0.44%
2020-04-23,54.92,0.004572892,0.46%
2020-04-24,53.93,-0.01802622,-1.80%
2020-04-27,52.58,-0.025032449,-2.50%
2020-04-28,51.47,-0.021110688,-2.11%
2020-04-29,51.84,0.007188654,0.72%
2020-04-30,52.95,0.021412037,2.14%
2020-05-06,53.32,0.006987724,0.70%
2020-05-07,52.82,-0.009377344,-0.94%
2020-05-08,58.12,0.10034078,10.03%
2020-05-11,59.10,0.016861666,1.69%
2020-05-12,65.01,0.1,10.00%
2020-05-13,71.54,0.100446085,10.04%
2020-05-14,78.68,0.099804305,9.98%
2020-05-15,86.56,0.100152517,10.02%
2020-05-18,95.18,0.099584104,9.96%
2020-05-19,104.66,0.099600756,9.96%
2020-05-20,115.13,0.100038219,10.00%
2020-05-21,118.95,0.033179884,3.32%
2020-05-22,109.59,-0.078688525,-7.87%
2020-05-25,98.63,-0.100009125,-10.00%
2020-05-26,95.06,-0.036195884,-3.62%
2020-05-27,100.11,0.053124343,5.31%
2020-05-28,90.87,-0.092298472,-9.23%
2020-05-29,97.15,0.069109717,6.91%
2020-06-01,101.71,0.046937725,4.69%
2020-06-02,98.01,-0.036377937,-3.64%
2020-06-03,104.42,0.06540149,6.54%
2020-06-04,98.38,-0.057843325,-5.78%
2020-06-05,88.53,-0.100121976,-10.01%
2020-06-08,81.02,-0.084830001,-8.48%
2020-06-09,81.76,0.009133547,0.91%
2020-06-10,80.53,-0.015044031,-1.50%
2020-06-11,79.42,-0.013783683,-1.38%
2020-06-12,78.68,-0.009317552,-0.93%
2020-06-15,81.15,0.031392984,3.14%
2020-06-16,79.30,-0.022797289,-2.28%
2020-06-17,81.02,0.021689786,2.17%
2020-06-18,76.22,-0.059244631,-5.92%
2020-06-19,75.85,-0.004854369,-0.49%
2020-06-22,75.73,-0.00158207,-0.16%
2020-06-23,76.96,0.016241912,1.62%
2020-06-24,73.63,-0.043269231,-4.33%
2020-06-29,72.16,-0.019964688,-2.00%
2020-06-30,73.39,0.017045455,1.70%
2020-07-01,72.90,-0.006676659,-0.67%
2020-07-02,73.88,0.013443073,1.34%
2020-07-03,75.11,0.016648619,1.66%
2020-07-06,77.94,0.037678072,3.77%
2020-07-07,81.64,0.047472415,4.75%
2020-07-08,80.28,-0.016658501,-1.67%
2020-07-09,82.87,0.032262083,3.23%
2020-07-10,80.41,-0.029685049,-2.97%
2020-07-13,87.18,0.084193508,8.42%
2020-07-14,85.09,-0.023973388,-2.40%
2020-07-15,81.15,-0.046303914,-4.63%
2020-07-16,77.33,-0.047073321,-4.71%
2020-07-17,77.07,-0.003362214,-0.34%
2020-07-20,78.22,0.0149215,1.49%
2020-07-21,80.13,0.024418307,2.44%
2020-07-22,78.85,-0.015974042,-1.60%
2020-07-23,76.69,-0.027393786,-2.74%
2020-07-24,71.61,-0.066240709,-6.62%
2020-07-27,70.71,-0.012568077,-1.26%
2020-07-28,72.37,0.02347617,2.35%
2020-07-29,73.64,0.017548708,1.75%
2020-07-30,72.37,-0.017246062,-1.72%
2020-07-31,74.15,0.024595827,2.46%
2020-08-03,75.55,0.018880647,1.89%
2020-08-04,73.89,-0.021972204,-2.20%
2020-08-05,74.53,0.008661524,0.87%
2020-08-06,73.26,-0.017040118,-1.70%
2020-08-07,71.61,-0.022522523,-2.25%
2020-08-10,72.75,0.015919564,1.59%
2020-08-11,70.71,-0.028041237,-2.80%
2020-08-12,70.21,-0.007071136,-0.71%
2020-08-13,71.48,0.018088591,1.81%
2020-08-14,73.64,0.030218243,3.02%
2020-08-17,74.02,0.005160239,0.52%
2020-08-18,74.28,0.003512564,0.35%
2020-08-19,72.62,-0.022347873,-2.23%
2020-08-20,71.22,-0.019278436,-1.93%
2020-08-21,71.22,0,0.00%
2020-08-24,70.71,-0.00716091,-0.72%
2020-08-25,70.21,-0.007071136,-0.71%
2020-08-26,68.93,-0.018231021,-1.82%
2020-08-27,70.08,0.016683592,1.67%
2020-08-28,70.33,0.003567352,0.36%
2020-08-31,70.71,0.0054031,0.54%
2020-09-01,70.08,-0.008909631,-0.89%
2020-09-02,69.32,-0.010844749,-1.08%
2020-09-03,68.43,-0.012839008,-1.28%
2020-09-04,68.43,0,0.00%
2020-09-07,67.41,-0.014905743,-1.49%
2020-09-08,70.08,0.039608367,3.96%
2020-09-09,68.43,-0.023544521,-2.35%
2020-09-10,64.99,-0.050270349,-5.03%
2020-09-11,64.74,-0.003846746,-0.38%
2020-09-14,66.26,0.02347853,2.35%
2020-09-15,68.17,0.028825838,2.88%
2020-09-16,65.63,-0.037259792,-3.73%
2020-09-17,66.90,0.019350907,1.94%
2020-09-18,67.54,0.009566517,0.96%
2020-09-21,69.70,0.031981048,3.20%
2020-09-22,69.06,-0.009182209,-0.92%
2020-09-23,68.04,-0.014769765,-1.48%
2020-09-24,65.63,-0.035420341,-3.54%
2020-09-25,65.63,0,0.00%
2020-09-28,63.97,-0.025293311,-2.53%
2020-09-29,64.74,0.012036892,1.20%
2020-09-30,65.25,0.007877665,0.79%
2020-10-09,66.14,0.013639847,1.36%
2020-10-12,67.41,0.019201693,1.92%
2020-10-13,67.79,0.005637146,0.56%
2020-10-14,67.92,0.001917687,0.19%
2020-10-15,69.06,0.016784452,1.68%
2020-10-16,67.41,-0.023892268,-2.39%
2020-10-19,68.55,0.016911437,1.69%
2020-10-20,70.08,0.022319475,2.23%
2020-10-21,74.15,0.058076484,5.81%
2020-10-22,73.13,-0.0137559,-1.38%
2020-10-23,71.35,-0.024340216,-2.43%
2020-10-26,69.82,-0.021443588,-2.14%
2020-10-27,66.90,-0.041821828,-4.18%
2020-10-28,65.75,-0.017189836,-1.72%
2020-10-29,64.48,-0.019315589,-1.93%
2020-10-30,62.96,-0.023573201,-2.36%
2020-11-02,63.97,0.016041931,1.60%
2020-11-03,65.25,0.020009379,2.00%
2020-11-04,64.10,-0.017624521,-1.76%
2020-11-05,64.36,0.004056162,0.41%
2020-11-06,63.08,-0.019888129,-1.99%
2020-11-09,64.23,0.018230818,1.82%
2020-11-10,63.47,-0.011832477,-1.18%
2020-11-11,62.45,-0.016070585,-1.61%
2020-11-12,61.30,-0.018414732,-1.84%
2020-11-13,61.81,0.008319739,0.83%
2020-11-16,61.94,0.00210322,0.21%
2020-11-17,61.30,-0.01033258,-1.03%
2020-11-18,61.81,0.008319739,0.83%
2020-11-19,61.81,0,0.00%
2020-11-20,61.30,-0.008251092,-0.83%
2020-11-23,61.30,0,0.00%
2020-11-24,63.34,0.033278956,3.33%
2020-11-25,62.70,-0.0101042,-1.01%
2020-11-26,62.45,-0.003987241,-0.40%
2020-11-27,62.32,-0.002081665,-0.21%
2020-11-30,61.68,-0.010269576,-1.03%
2020-12-01,61.68,0,0.00%
2020-12-02,60.92,-0.01232166,-1.23%
2020-12-03,61.18,0.004267892,0.43%
2020-12-04,61.05,-0.002124877,-0.21%
2020-12-07,61.18,0.002129402,0.21%
2020-12-08,60.92,-0.004249755,-0.42%
2020-12-09,59.27,-0.027084701,-2.71%
2020-12-10,58.38,-0.015016028,-1.50%
2020-12-11,56.60,-0.030489894,-3.05%
2020-12-14,62.32,0.101060071,10.11%
2020-12-15,60.67,-0.026476252,-2.65%
2020-12-16,58.51,-0.035602439,-3.56%
2020-12-17,59.14,0.01076739,1.08%
2020-12-18,57.36,-0.030098072,-3.01%
2020-12-21,58.63,0.022140865,2.21%
2020-12-22,64.48,0.099778271,9.98%
2020-12-23,65.37,0.01380273,1.38%
2020-12-24,63.21,-0.03304268,-3.30%
2020-12-25,64.48,0.020091758,2.01%
2020-12-28,63.97,-0.007909429,-0.79%
2020-12-29,65.25,0.020009379,2.00%
2020-12-30,63.34,-0.029272031,-2.93%
2020-12-31,63.72,0.005999368,0.60%
2021-01-04,59.14,-0.071876962,-7.19%
2021-01-05,58.76,-0.006425431,-0.64%
2021-01-06,60.16,0.023825732,2.38%
2021-01-07,56.98,-0.052859043,-5.29%
2021-01-08,55.96,-0.017901018,-1.79%
2021-01-11,53.42,-0.045389564,-4.54%
2021-01-12,53.16,-0.004867091,-0.49%
2021-01-13,51.38,-0.033483822,-3.35%
2021-01-14,51.51,0.002530167,0.25%
2021-01-15,52.53,0.01980198,1.98%
2021-01-18,52.91,0.007233962,0.72%
2021-01-19,53.67,0.014364014,1.44%
2021-01-20,53.29,-0.007080306,-0.71%
2021-01-21,53.29,0,0.00%
2021-01-22,51.64,-0.030962657,-3.10%
2021-01-25,51.00,-0.012393493,-1.24%
2021-01-26,51.26,0.005098039,0.51%
2021-01-27,51.00,-0.005072181,-0.51%
2021-01-28,51.89,0.01745098,1.75%
2021-01-29,50.75,-0.021969551,-2.20%
2021-02-01,50.24,-0.010049261,-1.00%
2021-02-02,50.49,0.004976115,0.50%
2021-02-03,49.60,-0.017627253,-1.76%
2021-02-04,47.19,-0.04858871,-4.86%
2021-02-05,47.06,-0.002754821,-0.28%
2021-02-08,45.79,-0.026986825,-2.70%
2021-02-09,47.06,0.027735313,2.77%
2021-02-10,47.06,0,0.00%
2021-02-18,49.47,0.05121122,5.12%
2021-02-19,50.62,0.023246412,2.32%
2021-02-22,51.26,0.012643224,1.26%
2021-02-23,50.62,-0.012485369,-1.25%
2021-02-24,50.49,-0.002568155,-0.26%
2021-02-25,50.11,-0.007526243,-0.75%
2021-02-26,50.49,0.007583317,0.76%
2021-03-01,50.75,0.005149535,0.51%
2021-03-02,50.49,-0.005123153,-0.51%
2021-03-03,50.62,0.002574767,0.26%
2021-03-04,50.37,-0.004938759,-0.49%
2021-03-05,51.64,0.025213421,2.52%
2021-03-08,51.76,0.00232378,0.23%
2021-03-09,50.75,-0.019513138,-1.95%
2021-03-10,49.60,-0.022660099,-2.27%
2021-03-11,49.73,0.002620968,0.26%
2021-03-12,49.73,0,0.00%
2021-03-15,50.11,0.007641263,0.76%
2021-03-16,50.62,0.010177609,1.02%
2021-03-17,51.13,0.010075069,1.01%
2021-03-18,52.65,0.029728144,2.97%
2021-03-19,51.00,-0.031339031,-3.13%
2021-03-22,50.62,-0.00745098,-0.75%
2021-03-23,50.24,-0.007506914,-0.75%
2021-03-24,50.49,0.004976115,0.50%
2021-03-25,51.00,0.01010101,1.01%
2021-03-26,52.27,0.024901961,2.49%
2021-03-29,50.87,-0.026784006,-2.68%
2021-03-30,49.86,-0.019854531,-1.99%
2021-03-31,50.11,0.005014039,0.50%
2021-04-01,55.07,0.098982239,9.90%
2021-04-02,54.18,-0.016161249,-1.62%
2021-04-06,52.40,-0.032853451,-3.29%
2021-04-07,52.53,0.002480916,0.25%
2021-04-08,51.38,-0.021892252,-2.19%
2021-04-09,51.89,0.009926041,0.99%
2021-04-12,51.38,-0.009828483,-0.98%
2021-04-13,49.98,-0.027247956,-2.72%
2021-04-14,51.00,0.020408163,2.04%
2021-04-15,51.38,0.00745098,0.75%
2021-04-16,52.53,0.02238225,2.24%
2021-04-19,52.27,-0.004949553,-0.49%
2021-04-20,52.02,-0.004782858,-0.48%
2021-04-21,51.26,-0.014609765,-1.46%
2021-04-22,51.51,0.004877097,0.49%
2021-04-23,50.37,-0.022131625,-2.21%
2021-04-26,50.75,0.007544173,0.75%
2021-04-27,51.51,0.014975369,1.50%
2021-04-28,52.53,0.01980198,1.98%
2021-04-29,51.26,-0.024176661,-2.42%
2021-04-30,50.75,-0.009949278,-0.99%
2021-05-06,51.76,0.019901478,1.99%
2021-05-07,51.64,-0.002318393,-0.23%
2021-05-10,52.40,0.014717273,1.47%
2021-05-11,52.15,-0.004770992,-0.48%
2021-05-12,53.16,0.01936721,1.94%
2021-05-13,52.53,-0.011851016,-1.19%
2021-05-14,54.05,0.028935846,2.89%
2021-05-17,52.53,-0.028122109,-2.81%
2021-05-18,53.04,0.009708738,0.97%
2021-05-19,52.40,-0.012066365,-1.21%
2021-05-20,54.69,0.04370229,4.37%
2021-05-21,53.80,-0.016273542,-1.63%
2021-05-24,53.54,-0.004832714,-0.48%
2021-05-25,55.07,0.028576765,2.86%
2021-05-26,54.44,-0.011439985,-1.14%
2021-05-27,54.44,0,0.00%
2021-05-28,53.93,-0.009368112,-0.94%
2021-05-31,54.18,0.004635639,0.46%
2021-06-01,54.82,0.011812477,1.18%
2021-06-02,56.22,0.025538125,2.55%
2021-06-03,54.82,-0.02490217,-2.49%
2021-06-04,54.69,-0.002371397,-0.24%
2021-06-07,54.05,-0.011702322,-1.17%
2021-06-08,53.16,-0.016466235,-1.65%
2021-06-09,53.29,0.002445448,0.24%
2021-06-10,52.40,-0.01670107,-1.67%
2021-06-11,51.64,-0.014503817,-1.45%
2021-06-15,51.00,-0.012393493,-1.24%
2021-06-16,51.39,0.007647059,0.76%
2021-06-17,51.78,0.007589025,0.76%
2021-06-18,52.03,0.004828119,0.48%
2021-06-21,51.91,-0.002306362,-0.23%
2021-06-22,51.39,-0.010017338,-1.00%
2021-06-23,51.13,-0.00505935,-0.51%
2021-06-24,50.74,-0.007627616,-0.76%
2021-06-25,50.74,0,0.00%
2021-06-28,51.39,0.012810406,1.28%
2021-06-29,51.39,0,0.00%
2021-06-30,51.26,-0.002529675,-0.25%
2021-07-01,50.36,-0.01755755,-1.76%
2021-07-02,50.10,-0.005162828,-0.52%
2021-07-05,50.74,0.012774451,1.28%
2021-07-06,52.16,0.02798581,2.80%
2021-07-07,51.91,-0.004792945,-0.48%
2021-07-08,51.39,-0.010017338,-1.00%
2021-07-09,51.91,0.0101187,1.01%
2021-07-12,51.78,-0.002504334,-0.25%
2021-07-13,52.03,0.004828119,0.48%
2021-07-14,52.16,0.002498559,0.25%
2021-07-15,51.52,-0.012269939,-1.23%
2021-07-16,51.13,-0.007569876,-0.76%
2021-07-19,51.26,0.002542539,0.25%
2021-07-20,51.78,0.010144362,1.01%
2021-07-21,51.78,0,0.00%
2021-07-22,52.16,0.007338741,0.73%
2021-07-23,51.39,-0.01476227,-1.48%
2021-07-26,50.49,-0.017513135,-1.75%
2021-07-27,49.97,-0.010299069,-1.03%
2021-07-28,48.68,-0.025815489,-2.58%
2021-07-29,49.32,0.013147083,1.31%
2021-07-30,49.45,0.002635848,0.26%
2021-08-02,50.10,0.01314459,1.31%
2021-08-03,50.61,0.010179641,1.02%
2021-08-04,51.26,0.012843312,1.28%
2021-08-05,50.87,-0.007608272,-0.76%
2021-08-06,50.49,-0.007470022,-0.75%
2021-08-09,51.26,0.015250545,1.53%
2021-08-10,51.65,0.007608272,0.76%
2021-08-11,51.65,0,0.00%
2021-08-12,51.52,-0.002516941,-0.25%
2021-08-13,51.52,0,0.00%
2021-08-16,51.91,0.007569876,0.76%
2021-08-17,52.16,0.004816028,0.48%
2021-08-18,55.52,0.064417178,6.44%
2021-08-19,61.07,0.099963977,10.00%
2021-08-20,59.91,-0.018994596,-1.90%
2021-08-23,56.04,-0.064596895,-6.46%
2021-08-24,55.39,-0.011598858,-1.16%
2021-08-25,55.78,0.007040982,0.70%
2021-08-26,54.62,-0.020795984,-2.08%
2021-08-27,55.13,0.009337239,0.93%
2021-08-30,54.36,-0.013966987,-1.40%
2021-08-31,53.45,-0.01674025,-1.67%
2021-09-01,53.97,0.009728718,0.97%
2021-09-02,54.23,0.004817491,0.48%
2021-09-03,54.62,0.007191591,0.72%
2021-09-06,54.75,0.002380081,0.24%
2021-09-07,54.23,-0.009497717,-0.95%
2021-09-08,55.52,0.023787571,2.38%
2021-09-09,54.88,-0.011527378,-1.15%
2021-09-10,53.84,-0.018950437,-1.90%
2021-09-13,56.81,0.055163447,5.52%
2021-09-14,54.88,-0.033972892,-3.40%
2021-09-15,54.62,-0.004737609,-0.47%
2021-09-16,53.45,-0.021420725,-2.14%
2021-09-17,53.58,0.00243218,0.24%
2021-09-22,53.33,-0.00466592,-0.47%
2021-09-23,53.45,0.002250141,0.23%
2021-09-24,51.39,-0.038540692,-3.85%
2021-09-27,51.13,-0.00505935,-0.51%
2021-09-28,51.26,0.002542539,0.25%
2021-09-29,50.49,-0.015021459,-1.50%
2021-09-30,51.13,0.012675777,1.27%
2021-10-08,52.16,0.020144729,2.01%
2021-10-11,51.91,-0.004792945,-0.48%
2021-10-12,51.52,-0.007513003,-0.75%
2021-10-13,51.91,0.007569876,0.76%
2021-10-14,52.16,0.004816028,0.48%
2021-10-15,50.87,-0.024731595,-2.47%
2021-10-18,51.13,0.005111067,0.51%
2021-10-19,51.26,0.002542539,0.25%
2021-10-20,50.87,-0.007608272,-0.76%
2021-10-21,51.00,0.002555534,0.26%
2021-10-22,51.78,0.015294118,1.53%
2021-10-25,51.26,-0.010042487,-1.00%
2021-10-26,50.87,-0.007608272,-0.76%
2021-10-27,49.45,-0.027914291,-2.79%
2021-10-28,49.58,0.002628918,0.26%
2021-10-29,50.61,0.020774506,2.08%
2021-11-01,50.23,-0.007508398,-0.75%
2021-11-02,49.06,-0.023292853,-2.33%
2021-11-03,49.19,0.002649817,0.26%
2021-11-04,49.58,0.007928441,0.79%
2021-11-05,50.23,0.013110125,1.31%
2021-11-08,51.13,0.017917579,1.79%
2021-11-09,51.13,0,0.00%
2021-11-10,51.26,0.002542539,0.25%
2021-11-11,51.26,0,0.00%
2021-11-12,51.00,-0.005072181,-0.51%
2021-11-15,51.26,0.005098039,0.51%
2021-11-16,51.39,0.002536091,0.25%
2021-11-17,52.03,0.012453785,1.25%
2021-11-18,51.65,-0.007303479,-0.73%
2021-11-19,51.52,-0.002516941,-0.25%
2021-11-22,50.36,-0.022515528,-2.25%
2021-11-23,51.00,0.012708499,1.27%
2021-11-24,52.42,0.027843137,2.78%
2021-11-25,52.29,-0.002479969,-0.25%
2021-11-26,52.03,-0.00497227,-0.50%
2021-11-29,51.00,-0.019796271,-1.98%
2021-11-30,51.00,0,0.00%
2021-12-01,51.65,0.012745098,1.27%
2021-12-02,51.13,-0.010067764,-1.01%
2021-12-03,51.39,0.005085077,0.51%
2021-12-06,50.23,-0.022572485,-2.26%
2021-12-07,50.23,0,0.00%
2021-12-08,50.36,0.002588095,0.26%
2021-12-09,50.61,0.004964257,0.50%
2021-12-10,50.49,-0.002371073,-0.24%
2021-12-13,50.10,-0.007724302,-0.77%
2021-12-14,50.36,0.005189621,0.52%
2021-12-15,50.49,0.002581414,0.26%
2021-12-16,50.87,0.007526243,0.75%
2021-12-17,50.61,-0.005111067,-0.51%
2021-12-20,50.87,0.005137325,0.51%
2021-12-21,51.91,0.02044427,2.04%
2021-12-22,51.52,-0.007513003,-0.75%
2021-12-23,50.87,-0.01261646,-1.26%
2021-12-24,50.36,-0.010025555,-1.00%
2021-12-27,50.74,0.007545671,0.75%
2021-12-28,50.74,0,0.00%
2021-12-29,50.49,-0.004927079,-0.49%
2021-12-30,50.61,0.002376708,0.24%
2021-12-31,51.00,0.007705987,0.77%
2022-01-04,52.16,0.022745098,2.27%
2022-01-05,51.91,-0.004792945,-0.48%
2022-01-06,52.29,0.007320362,0.73%
2022-01-07,51.65,-0.012239434,-1.22%
2022-01-10,52.81,0.022458858,2.25%
2022-01-11,52.42,-0.007384965,-0.74%
2022-01-12,53.33,0.017359786,1.74%
2022-01-13,53.45,0.002250141,0.23%
2022-01-14,52.94,-0.009541628,-0.95%
2022-01-17,53.84,0.017000378,1.70%
2022-01-18,52.42,-0.026374443,-2.64%
2022-01-19,53.33,0.017359786,1.74%
2022-01-20,51.78,-0.029064317,-2.91%
2022-01-21,51.52,-0.005021244,-0.50%
2022-01-24,49.97,-0.030085404,-3.01%
2022-01-25,47.52,-0.049029418,-4.90%
2022-01-26,47.39,-0.00273569,-0.27%
2022-01-27,46.48,-0.019202363,-1.92%
2022-01-28,47.64,0.024956971,2.50%
2022-02-07,48.16,0.010915197,1.09%
2022-02-08,49.32,0.024086379,2.41%
2022-02-09,49.19,-0.002635848,-0.26%
2022-02-10,48.81,-0.007725147,-0.77%
2022-02-11,48.42,-0.007990166,-0.80%
2022-02-14,48.81,0.008054523,0.81%
2022-02-15,48.29,-0.010653555,-1.07%
2022-02-16,48.94,0.013460344,1.35%
2022-02-17,48.29,-0.013281569,-1.33%
2022-02-18,48.68,0.008076206,0.81%
2022-02-21,49.58,0.018488085,1.85%
2022-02-22,48.68,-0.018152481,-1.82%
2022-02-23,48.94,0.005341002,0.53%
2022-02-24,47.64,-0.026563139,-2.66%
2022-02-25,47.77,0.002728799,0.27%
2022-02-28,47.26,-0.010676157,-1.07%
2022-03-01,47.77,0.010791367,1.08%
2022-03-02,48.42,0.013606866,1.36%
2022-03-03,48.68,0.005369682,0.54%
2022-03-04,48.29,-0.008011504,-0.80%
2022-03-07,48.68,0.008076206,0.81%
2022-03-08,47.13,-0.031840592,-3.18%
2022-03-09,46.10,-0.021854445,-2.19%
2022-03-10,46.48,0.00824295,0.82%
2022-03-11,46.61,0.002796902,0.28%
2022-03-14,45.71,-0.019309161,-1.93%
2022-03-15,42.61,-0.067818858,-6.78%
2022-03-16,43.77,0.027223656,2.72%
2022-03-17,44.03,0.005940142,0.59%
2022-03-18,45.06,0.023393141,2.34%
2022-03-21,45.97,0.020195295,2.02%
2022-03-22,46.35,0.008266261,0.83%
2022-03-23,45.71,-0.013807983,-1.38%
2022-03-24,45.06,-0.014220083,-1.42%
2022-03-25,45.97,0.020195295,2.02%
2022-03-28,45.97,0,0.00%
2022-03-29,46.10,0.002827931,0.28%
2022-03-30,46.35,0.005422993,0.54%
2022-03-31,46.48,0.002804746,0.28%
2022-04-01,46.35,-0.002796902,-0.28%
2022-04-06,47.13,0.016828479,1.68%
2022-04-07,46.35,-0.016549968,-1.65%
2022-04-08,46.22,-0.002804746,-0.28%
2022-04-11,45.45,-0.016659455,-1.67%
2022-04-12,46.35,0.01980198,1.98%
2022-04-13,45.71,-0.013807983,-1.38%
2022-04-14,45.84,0.002844017,0.28%
2022-04-15,44.80,-0.022687609,-2.27%
2022-04-18,44.80,0,0.00%
2022-04-19,45.06,0.005803571,0.58%
2022-04-20,45.06,0,0.00%
2022-04-21,44.42,-0.014203285,-1.42%
2022-04-22,48.81,0.098829356,9.88%
2022-04-25,45.97,-0.058184798,-5.82%
2022-04-26,41.32,-0.101152926,-10.12%
2022-04-27,37.32,-0.096805421,-9.68%
2022-04-28,34.86,-0.065916399,-6.59%
2022-04-29,36.28,0.040734366,4.07%
2022-05-05,36.93,0.017916207,1.79%
2022-05-06,36.28,-0.017600867,-1.76%
2022-05-09,37.44,0.031973539,3.20%
2022-05-10,37.57,0.003472222,0.35%
2022-05-11,37.06,-0.013574661,-1.36%
2022-05-12,40.80,0.100917431,10.09%
2022-05-13,41.45,0.015931373,1.59%
2022-05-16,43.64,0.052834741,5.28%
2022-05-17,46.22,0.059120073,5.91%
2022-05-18,46.35,0.002812635,0.28%
2022-05-19,46.22,-0.002804746,-0.28%
2022-05-20,48.03,0.039160537,3.92%
2022-05-23,47.26,-0.016031647,-1.60%
2022-05-24,45.58,-0.035548032,-3.55%
2022-05-25,46.74,0.025449759,2.54%
2022-05-26,47.52,0.016688062,1.67%
2022-05-27,47.00,-0.010942761,-1.09%
2022-05-30,46.35,-0.013829787,-1.38%
2022-05-31,45.84,-0.011003236,-1.10%
2022-06-01,44.93,-0.019851658,-1.99%
2022-06-02,44.67,-0.005786779,-0.58%
2022-06-06,44.03,-0.014327289,-1.43%
2022-06-07,44.29,0.005905065,0.59%
2022-06-08,44.55,0.0058704,0.59%
2022-06-09,44.80,0.005611672,0.56%
2022-06-10,44.93,0.002901786,0.29%
2022-06-13,44.55,-0.008457601,-0.85%
2022-06-14,45.06,0.011447811,1.14%
2022-06-15,47.26,0.048823791,4.88%
2022-06-16,47.13,-0.002750741,-0.28%
2022-06-17,49.58,0.051983874,5.20%
2022-06-20,51.78,0.044372731,4.44%
2022-06-21,51.00,-0.015063731,-1.51%
2022-06-22,50.49,-0.01,-1.00%
2022-06-23,52.03,0.030501089,3.05%
2022-06-24,51.65,-0.007303479,-0.73%
2022-06-27,52.16,0.009874153,0.99%
2022-06-28,56.94,0.091641104,9.16%
2022-06-29,62.62,0.099754127,9.98%
2022-06-30,56.42,-0.099009901,-9.90%
2022-07-01,52.94,-0.061680255,-6.17%
2022-07-04,51.13,-0.034189649,-3.42%
2022-07-05,56.30,0.101114805,10.11%
2022-07-06,59.14,0.05044405,5.04%
2022-07-07,56.94,-0.037199865,-3.72%
2022-07-08,57.07,0.002283105,0.23%
2022-07-11,56.30,-0.013492203,-1.35%
2022-07-12,54.23,-0.036767318,-3.68%
2022-07-13,55.13,0.01659598,1.66%
2022-07-14,56.42,0.023399238,2.34%
2022-07-15,54.75,-0.029599433,-2.96%
2022-07-18,56.55,0.032876712,3.29%
2022-07-19,55.52,-0.01821397,-1.82%
2022-07-20,56.81,0.02323487,2.32%
2022-07-21,62.49,0.099982397,10.00%
2022-07-22,59.27,-0.051528245,-5.15%
2022-07-25,59.01,-0.004386705,-0.44%
2022-07-26,60.81,0.030503305,3.05%
2022-07-27,59.91,-0.014800197,-1.48%
2022-07-28,58.88,-0.017192455,-1.72%
2022-07-29,60.17,0.021908967,2.19%
2022-08-01,63.14,0.049360146,4.94%
2022-08-02,61.46,-0.026607539,-2.66%
2022-08-03,61.72,0.004230394,0.42%
2022-08-04,61.59,-0.002106286,-0.21%
2022-08-05,62.49,0.014612762,1.46%
2022-08-08,66.37,0.062089934,6.21%
2022-08-09,67.01,0.009642911,0.96%
2022-08-10,69.59,0.038501716,3.85%
2022-08-11,69.72,0.001868084,0.19%
2022-08-12,69.34,-0.005450373,-0.55%
2022-08-15,69.98,0.009229882,0.92%
2022-08-16,74.89,0.070162904,7.02%
2022-08-17,73.34,-0.020697022,-2.07%
2022-08-18,76.18,0.038723752,3.87%
2022-08-19,75.40,-0.010238908,-1.02%
2022-08-22,71.66,-0.049602122,-4.96%
2022-08-23,73.47,0.025258164,2.53%
2022-08-24,71.40,-0.028174765,-2.82%
2022-08-25,72.31,0.012745098,1.27%
2022-08-26,69.59,-0.037615821,-3.76%
2022-08-29,71.79,0.031613738,3.16%
2022-08-30,69.08,-0.03774899,-3.77%
2022-08-31,67.53,-0.022437753,-2.24%
2022-09-01,65.59,-0.028727973,-2.87%
2022-09-02,69.08,0.053209331,5.32%
2022-09-05,69.85,0.011146497,1.11%
2022-09-06,70.63,0.011166786,1.12%
2022-09-07,72.82,0.031006654,3.10%
2022-09-08,72.18,-0.008788794,-0.88%
2022-09-09,72.18,0,0.00%
2022-09-13,72.82,0.008866722,0.89%
2022-09-14,74.89,0.028426257,2.84%
2022-09-15,68.95,-0.079316331,-7.93%
2022-09-16,66.88,-0.030021755,-3.00%
2022-09-19,65.46,-0.021232057,-2.12%
2022-09-20,69.34,0.059272838,5.93%
2022-09-21,68.56,-0.011248918,-1.12%
2022-09-22,67.79,-0.011231039,-1.12%
2022-09-23,65.72,-0.030535477,-3.05%
2022-09-26,65.08,-0.009738284,-0.97%
2022-09-27,71.14,0.093116165,9.31%
2022-09-28,67.01,-0.05805454,-5.81%
2022-09-29,64.30,-0.040441725,-4.04%
2022-09-30,62.75,-0.024105754,-2.41%
2022-10-10,60.81,-0.030916335,-3.09%
2022-10-11,60.94,0.002137806,0.21%
2022-10-12,62.75,0.029701346,2.97%
2022-10-13,60.56,-0.034900398,-3.49%
2022-10-14,61.85,0.021301189,2.13%
2022-10-17,63.01,0.018755053,1.88%
2022-10-18,62.36,-0.010315823,-1.03%
2022-10-19,64.43,0.033194355,3.32%
2022-10-20,62.75,-0.02607481,-2.61%
2022-10-21,61.46,-0.020557769,-2.06%
2022-10-24,62.23,0.012528474,1.25%
2022-10-25,63.14,0.014623172,1.46%
2022-10-26,63.40,0.004117833,0.41%
2022-10-27,62.23,-0.018454259,-1.85%
2022-10-28,60.69,-0.024746907,-2.47%
2022-10-31,60.56,-0.002142033,-0.21%
2022-11-01,64.04,0.057463672,5.75%
2022-11-02,65.72,0.026233604,2.62%
2022-11-03,66.11,0.005934267,0.59%
2022-11-04,66.24,0.00196642,0.20%
2022-11-07,67.01,0.011624396,1.16%
2022-11-08,66.62,-0.005820027,-0.58%
2022-11-09,65.46,-0.017412189,-1.74%
2022-11-10,64.04,-0.021692637,-2.17%
2022-11-11,63.27,-0.012023735,-1.20%
2022-11-14,62.62,-0.010273431,-1.03%
2022-11-15,63.91,0.020600447,2.06%
2022-11-16,65.08,0.018306994,1.83%
2022-11-17,63.78,-0.019975415,-2.00%
2022-11-18,68.30,0.070868611,7.09%
2022-11-21,67.53,-0.011273792,-1.13%
2022-11-22,63.14,-0.065008145,-6.50%
2022-11-23,64.04,0.014254039,1.43%
2022-11-24,61.46,-0.04028732,-4.03%
2022-11-25,61.20,-0.004230394,-0.42%
2022-11-28,60.81,-0.006372549,-0.64%
2022-11-29,59.27,-0.025324782,-2.53%
2022-11-30,59.78,0.00860469,0.86%
2022-12-01,59.27,-0.008531281,-0.85%
2022-12-02,58.49,-0.013160115,-1.32%
2022-12-05,55.91,-0.044110104,-4.41%
2022-12-06,54.88,-0.018422465,-1.84%
2022-12-07,56.04,0.021137026,2.11%
2022-12-08,54.49,-0.027658815,-2.77%
2022-12-09,55.65,0.02128831,2.13%
2022-12-12,55.65,0,0.00%
2022-12-13,61.20,0.099730458,9.97%
2022-12-14,63.53,0.038071895,3.81%
2022-12-15,61.59,-0.030536754,-3.05%
2022-12-16,60.94,-0.010553661,-1.06%
2022-12-19,58.88,-0.033803741,-3.38%
2022-12-20,59.39,0.008661685,0.87%
2022-12-21,58.10,-0.021720828,-2.17%
2022-12-22,57.46,-0.011015491,-1.10%
2022-12-23,55.91,-0.026975287,-2.70%
2022-12-26,61.46,0.099266679,9.93%
2022-12-27,59.91,-0.025219655,-2.52%
2022-12-28,59.39,-0.008679686,-0.87%
2022-12-29,58.62,-0.012965146,-1.30%
2022-12-30,58.36,-0.004435346,-0.44%
