time,price,return
2013/1/4,"2,524.41",1.000578688
2013/1/7,"2,535.99",1.00458721
2013/1/8,"2,525.33",0.995796513
2013/1/9,"2,526.13",1.00031679
2013/1/10,"2,530.57",1.001757629
2013/1/11,"2,483.23",0.981292752
2013/1/14,"2,577.73",1.038055275
2013/1/15,"2,595.86",1.00703332
2013/1/16,"2,577.09",0.992769256
2013/1/17,"2,552.76",0.990559119
2013/1/18,"2,595.44",1.016719159
2013/1/21,"2,610.90",1.005956601
2013/1/22,"2,596.90",0.994637864
2013/1/23,"2,607.46",1.004066387
2013/1/24,"2,582.76",0.99052718
2013/1/25,"2,571.67",0.995706144
2013/1/28,"2,651.86",1.031182072
2013/1/29,"2,675.87",1.009054022
2013/1/30,"2,688.71",1.004798439
2013/1/31,"2,686.88",0.999319376
2013/2/1,"2,743.32",1.021005776
2013/2/4,"2,748.03",1.001716898
2013/2/5,"2,771.68",1.008606165
2013/2/6,"2,775.84",1.001500895
2013/2/7,"2,759.87",0.994246787
2013/2/8,"2,771.73",1.004297304
2013/2/18,"2,737.47",0.987639489
2013/2/19,"2,685.61",0.9810555
2013/2/20,"2,702.64",1.006341204
2013/2/21,"2,610.55",0.965925909
2013/2/22,"2,596.60",0.994656298
2013/2/25,"2,604.96",1.003219595
2013/2/26,"2,567.60",0.985658129
2013/2/27,"2,594.68",1.010546814
2013/2/28,"2,673.33",1.030312023
2013/3/1,"2,668.84",0.998320447
2013/3/4,"2,545.72",0.953867598
2013/3/5,"2,622.81",1.030282199
2013/3/6,"2,650.20",1.010442998
2013/3/7,"2,619.48",0.988408422
2013/3/8,"2,606.93",0.995208973
2013/3/11,"2,592.37",0.994414886
2013/3/12,"2,555.62",0.985823783
2013/3/13,"2,527.49",0.988992886
2013/3/14,"2,534.27",1.002682503
2013/3/15,"2,539.87",1.002209709
2013/3/18,"2,502.49",0.985282711
2013/3/19,"2,525.10",1.009035001
2013/3/20,"2,610.17",1.033689755
2013/3/21,"2,614.99",1.001846623
2013/3/22,"2,618.31",1.001269603
2013/3/25,"2,613.10",0.998010167
2013/3/26,"2,575.05",0.985438751
2013/3/27,"2,583.53",1.00329314
2013/3/28,"2,499.30",0.967397321
2013/3/29,"2,495.08",0.998311527
2013/4/1,"2,493.19",0.999242509
2013/4/2,"2,486.39",0.99727257
2013/4/3,"2,483.55",0.998857782
2013/4/8,"2,472.30",0.995470194
2013/4/9,"2,489.43",1.006928771
2013/4/10,"2,485.31",0.998345003
2013/4/11,"2,477.88",0.997010433
2013/4/12,"2,462.11",0.993635689
2013/4/15,"2,436.82",0.989728322
2013/4/16,"2,459.59",1.009344145
2013/4/17,"2,458.47",0.99954464
2013/4/18,"2,464.85",1.00259511
2013/4/19,"2,533.83",1.027985476
2013/4/22,"2,530.67",0.998752876
2013/4/23,"2,449.47",0.967913636
2013/4/24,"2,495.58",1.01882448
2013/4/25,"2,467.88",0.988900376
2013/4/26,"2,447.31",0.991664911
2013/5/2,"2,449.64",1.000952066
2013/5/3,"2,492.91",1.01766382
2013/5/6,"2,525.98",1.013265621
2013/5/7,"2,529.94",1.001567708
2013/5/8,"2,542.80",1.005083125
2013/5/9,"2,527.79",0.994097058
2013/5/10,"2,540.84",1.005162612
2013/5/13,"2,530.77",0.996036744
2013/5/14,"2,493.34",0.985210035
2013/5/15,"2,506.93",1.00545052
2013/5/16,"2,552.71",1.018261379
2013/5/17,"2,592.05",1.015411073
2013/5/20,"2,609.61",1.006774561
2013/5/21,"2,614.85",1.002007963
2013/5/22,"2,618.03",1.001216131
2013/5/23,"2,582.85",0.986562415
2013/5/24,"2,597.23",1.005567493
2013/5/27,"2,599.59",1.00090866
2013/5/28,"2,644.36",1.017221947
2013/5/29,"2,642.56",0.999319306
2013/5/30,"2,634.32",0.996881812
2013/5/31,"2,606.43",0.989412828
2013/6/3,"2,602.62",0.99853823
2013/6/4,"2,565.67",0.985802768
2013/6/5,"2,560.54",0.998000522
2013/6/6,"2,527.85",0.987233162
2013/6/7,"2,484.16",0.982716538
2013/6/13,"2,399.94",0.966097192
2013/6/14,"2,416.77",1.007012675
2013/6/17,"2,403.84",0.994649884
2013/6/18,"2,418.75",1.006202576
2013/6/19,"2,400.77",0.992566408
2013/6/20,"2,321.47",0.966968931
2013/6/21,"2,317.39",0.998242493
2013/6/24,"2,171.21",0.936920415
2013/6/25,"2,165.42",0.997333284
2013/6/26,"2,168.30",1.001329996
2013/6/27,"2,160.74",0.996513398
2013/6/28,"2,200.64",1.018465896
2013/7/1,"2,213.32",1.00576196
2013/7/2,"2,221.98",1.003912674
2013/7/3,"2,203.83",0.99183161
2013/7/4,"2,221.98",1.008235662
2013/7/5,"2,226.85",1.002191739
2013/7/8,"2,163.62",0.971605631
2013/7/9,"2,162.67",0.999560921
2013/7/10,"2,224.07",1.028390832
2013/7/11,"2,326.69",1.046140634
2013/7/12,"2,275.37",0.977942915
2013/7/15,"2,307.30",1.014032883
2013/7/16,"2,317.85",1.004572444
2013/7/17,"2,282.84",0.984895485
2013/7/18,"2,245.33",0.983568713
2013/7/19,"2,190.48",0.97557152
2013/7/22,"2,202.19",1.00534586
2013/7/23,"2,265.85",1.028907587
2013/7/24,"2,249.15",0.992629697
2013/7/25,"2,237.68",0.994900296
2013/7/26,"2,224.01",0.993890994
2013/7/29,"2,175.97",0.978399378
2013/7/30,"2,189.39",1.006167364
2013/7/31,"2,193.02",1.001657996
2013/8/1,"2,245.36",1.023866631
2013/8/2,"2,247.26",1.000846189
2013/8/5,"2,278.33",1.013825726
2013/8/6,"2,293.64",1.006719834
2013/8/7,"2,280.62",0.994323433
2013/8/8,"2,276.78",0.998316247
2013/8/9,"2,286.01",1.004053971
2013/8/12,"2,352.79",1.029212471
2013/8/13,"2,359.07",1.002669171
2013/8/14,"2,349.08",0.99576528
2013/8/15,"2,321.58",0.988293289
2013/8/16,"2,304.14",0.992487875
2013/8/19,"2,331.43",1.011843898
2013/8/20,"2,312.47",0.991867652
2013/8/21,"2,308.59",0.99832214
2013/8/22,"2,303.93",0.997981452
2013/8/23,"2,286.93",0.992621304
2013/8/26,"2,335.62",1.021290551
2013/8/27,"2,340.88",1.002252079
2013/8/28,"2,328.06",0.994523427
2013/8/29,"2,318.31",0.995811964
2013/8/30,"2,313.91",0.998102066
2013/9/2,"2,320.34",1.002778846
2013/9/3,"2,354.50",1.01472198
2013/9/4,"2,350.70",0.998386069
2013/9/5,"2,341.74",0.996188369
2013/9/6,"2,357.78",1.006849608
2013/9/9,"2,440.61",1.035130504
2013/9/10,"2,474.89",1.014045669
2013/9/11,"2,482.89",1.003232467
2013/9/12,"2,507.46",1.009895726
2013/9/13,"2,488.90",0.992598087
2013/9/16,"2,478.39",0.995777251
2013/9/17,"2,427.32",0.979393881
2013/9/18,"2,432.51",1.002138161
2013/9/23,"2,472.29",1.016353479
2013/9/24,"2,443.89",0.988512674
2013/9/25,"2,429.03",0.99391953
2013/9/26,"2,384.44",0.981642878
2013/9/27,"2,394.97",1.004416131
2013/9/30,"2,409.04",1.005874813
2013/10/8,"2,441.81",1.013602929
2013/10/9,"2,453.58",1.004820195
2013/10/10,"2,429.32",0.990112407
2013/10/11,"2,468.51",1.016132086
2013/10/14,"2,472.54",1.001632564
2013/10/15,"2,467.52",0.997969699
2013/10/16,"2,421.37",0.981297011
2013/10/17,"2,413.33",0.996679566
2013/10/18,"2,426.05",1.005270726
2013/10/21,"2,471.32",1.018659962
2013/10/22,"2,445.89",0.989709953
2013/10/23,"2,418.49",0.988797534
2013/10/24,"2,400.51",0.992565609
2013/10/25,"2,368.56",0.986690328
2013/10/28,"2,365.95",0.998898065
2013/10/29,"2,372.05",1.002578246
2013/10/30,"2,407.47",1.014932232
2013/10/31,"2,373.72",0.985981134
2013/11/1,"2,384.96",1.004735184
2013/11/4,"2,380.45",0.998108983
2013/11/5,"2,383.77",1.001394694
2013/11/6,"2,353.57",0.987330993
2013/11/7,"2,340.55",0.994467978
2013/11/8,"2,307.95",0.98607165
2013/11/11,"2,315.89",1.003440283
2013/11/12,"2,340.00",1.010410684
2013/11/13,"2,288.12",0.97782906
2013/11/14,"2,304.50",1.007158715
2013/11/15,"2,350.73",1.020060751
2013/11/18,"2,428.90",1.0332535
2013/11/19,"2,412.16",0.993107991
2013/11/20,"2,424.85",1.005260845
2013/11/21,"2,409.99",0.993871786
2013/11/22,"2,397.96",0.995008278
2013/11/25,"2,388.63",0.996109193
2013/11/26,"2,387.42",0.999493433
2013/11/27,"2,414.48",1.011334411
2013/11/28,"2,439.53",1.010374905
2013/11/29,"2,438.94",0.99975815
2013/12/2,"2,418.79",0.991738214
2013/12/3,"2,442.78",1.009918182
2013/12/4,"2,475.14",1.013247202
2013/12/5,"2,468.20",0.997196118
2013/12/6,"2,452.29",0.993554007
2013/12/9,"2,450.87",0.999420949
2013/12/10,"2,453.32",1.000999645
2013/12/11,"2,412.76",0.983467301
2013/12/12,"2,410.02",0.998864371
2013/12/13,"2,406.64",0.998597522
2013/12/16,"2,367.92",0.983911179
2013/12/17,"2,356.38",0.995126525
2013/12/18,"2,357.23",1.000360723
2013/12/19,"2,332.41",0.989470692
2013/12/20,"2,278.14",0.976732221
2013/12/23,"2,284.60",1.002835647
2013/12/24,"2,288.25",1.001597654
2013/12/25,"2,305.11",1.007368076
2013/12/26,"2,265.33",0.982742689
2013/12/27,"2,303.48",1.016840813
2013/12/30,"2,299.46",0.998254814
2013/12/31,"2,330.03",1.013294426
2014/1/2,"2,321.98",0.996545109
2014/1/3,"2,290.78",0.986563192
2014/1/6,"2,238.64",0.977239194
2014/1/7,"2,238.00",0.999714112
2014/1/8,"2,241.91",1.001747096
2014/1/9,"2,222.22",0.99121731
2014/1/10,"2,204.85",0.992183492
2014/1/13,"2,193.68",0.994933896
2014/1/14,"2,212.85",1.00873874
2014/1/15,"2,208.94",0.998233048
2014/1/16,"2,211.84",1.001312847
2014/1/17,"2,178.49",0.984922056
2014/1/20,"2,165.99",0.994262081
2014/1/21,"2,187.41",1.009889242
2014/1/22,"2,243.80",1.025779346
2014/1/23,"2,231.89",0.99469204
2014/1/24,"2,245.68",1.00617862
2014/1/27,"2,215.92",0.986747889
2014/1/28,"2,219.86",1.001778043
2014/1/29,"2,227.78",1.003567793
2014/1/30,"2,202.45",0.988629937
2014/2/7,"2,212.48",1.004554019
2014/2/10,"2,267.53",1.024881581
2014/2/11,"2,285.56",1.007951383
2014/2/12,"2,291.25",1.002489543
2014/2/13,"2,279.55",0.994893617
2014/2/14,"2,295.58",1.00703209
2014/2/17,"2,311.65",1.007000409
2014/2/18,"2,282.44",0.987364004
2014/2/19,"2,308.66",1.011487706
2014/2/20,"2,287.44",0.990808521
2014/2/21,"2,264.29",0.989879516
2014/2/24,"2,214.51",0.978015184
2014/2/25,"2,157.91",0.974441299
2014/2/26,"2,163.41",1.002548762
2014/2/27,"2,154.11",0.995701231
2014/2/28,"2,178.97",1.011540729
2014/3/3,"2,190.37",1.00523183
2014/3/4,"2,184.27",0.997215082
2014/3/5,"2,163.98",0.990710855
2014/3/6,"2,173.63",1.004459376
2014/3/7,"2,168.36",0.997575484
2014/3/10,"2,097.79",0.967454666
2014/3/11,"2,108.66",1.005181644
2014/3/12,"2,114.13",1.002594064
2014/3/13,"2,140.33",1.012392805
2014/3/14,"2,122.84",0.991828363
2014/3/17,"2,143.04",1.009515555
2014/3/18,"2,138.13",0.997708862
2014/3/19,"2,120.87",0.991927525
2014/3/20,"2,086.97",0.984015993
2014/3/21,"2,158.80",1.034418319
2014/3/24,"2,176.55",1.00822216
2014/3/25,"2,174.44",0.999030576
2014/3/26,"2,171.05",0.998440978
2014/3/27,"2,155.71",0.992934294
2014/3/28,"2,151.97",0.998265073
2014/3/31,"2,146.31",0.997369852
2014/4/1,"2,163.12",1.007832047
2014/4/2,"2,180.73",1.008141019
2014/4/3,"2,165.01",0.992791405
2014/4/4,"2,185.47",1.009450303
2014/4/8,"2,237.32",1.023724874
2014/4/9,"2,238.62",1.000581052
2014/4/10,"2,273.76",1.015697171
2014/4/11,"2,270.67",0.998641018
2014/4/14,"2,268.61",0.999092779
2014/4/15,"2,229.46",0.982742737
2014/4/16,"2,232.53",1.001377015
2014/4/17,"2,224.80",0.996537561
2014/4/18,"2,224.48",0.999856167
2014/4/21,"2,187.25",0.983263504
2014/4/22,"2,196.80",1.004366213
2014/4/23,"2,194.67",0.999030408
2014/4/24,"2,190.47",0.998086273
2014/4/25,"2,167.83",0.989664319
2014/4/28,"2,134.97",0.984841985
2014/4/29,"2,158.47",1.01100718
2014/4/30,"2,158.66",1.000088025
2014/5/5,"2,156.47",0.998985482
2014/5/6,"2,157.33",1.0003988
2014/5/7,"2,137.32",0.990724646
2014/5/8,"2,135.50",0.999148466
2014/5/9,"2,133.91",0.999255444
2014/5/12,"2,180.05",1.02162228
2014/5/13,"2,174.85",0.997614734
2014/5/14,"2,172.37",0.998859691
2014/5/15,"2,144.08",0.986977357
2014/5/16,"2,145.95",1.000872169
2014/5/19,"2,115.14",0.985642722
2014/5/20,"2,115.77",1.000297853
2014/5/21,"2,135.91",1.009518993
2014/5/22,"2,130.87",0.99764035
2014/5/23,"2,148.41",1.00823138
2014/5/26,"2,155.98",1.003523536
2014/5/27,"2,147.28",0.995964712
2014/5/28,"2,169.35",1.010278119
2014/5/29,"2,155.16",0.99345887
2014/5/30,"2,156.46",1.000603203
2014/6/3,"2,149.92",0.996967252
2014/6/4,"2,128.27",0.989929858
2014/6/5,"2,150.60",1.01049209
2014/6/6,"2,134.72",0.992616014
2014/6/9,"2,134.28",0.999793884
2014/6/10,"2,161.27",1.012645951
2014/6/11,"2,160.77",0.999768655
2014/6/12,"2,153.41",0.996593807
2014/6/13,"2,176.24",1.01060179
2014/6/16,"2,191.86",1.007177517
2014/6/17,"2,169.67",0.989876178
2014/6/18,"2,160.24",0.995653717
2014/6/19,"2,126.91",0.984571159
2014/6/20,"2,136.73",1.004617027
2014/6/23,"2,134.11",0.998773827
2014/6/24,"2,144.82",1.005018485
2014/6/25,"2,133.37",0.994661557
2014/6/26,"2,149.08",1.007363936
2014/6/27,"2,150.26",1.000549072
2014/6/30,"2,165.12",1.006910792
2014/7/1,"2,164.56",0.999741354
2014/7/2,"2,170.87",1.002915142
2014/7/3,"2,180.19",1.00429321
2014/7/4,"2,178.70",0.999316573
2014/7/7,"2,176.29",0.998893836
2014/7/8,"2,180.47",1.0019207
2014/7/9,"2,148.71",0.985434333
2014/7/10,"2,142.85",0.997272782
2014/7/11,"2,148.01",1.002408008
2014/7/14,"2,171.76",1.011056746
2014/7/15,"2,174.98",1.001482668
2014/7/16,"2,170.87",0.998110327
2014/7/17,"2,157.07",0.993643102
2014/7/18,"2,164.14",1.003277594
2014/7/21,"2,166.30",1.000998087
2014/7/22,"2,192.70",1.012186678
2014/7/23,"2,197.83",1.002339581
2014/7/24,"2,237.02",1.017831224
2014/7/25,"2,260.45",1.010473755
2014/7/28,"2,323.90",1.028069632
2014/7/29,"2,331.37",1.003214424
2014/7/30,"2,322.01",0.995985193
2014/7/31,"2,350.25",1.012161877
2014/8/1,"2,329.40",0.991128603
2014/8/4,"2,375.62",1.019842019
2014/8/5,"2,369.35",0.997360689
2014/8/6,"2,363.22",0.997412793
2014/8/7,"2,327.46",0.984868104
2014/8/8,"2,331.13",1.001576826
2014/8/11,"2,365.35",1.014679576
2014/8/12,"2,357.05",0.996491006
2014/8/13,"2,358.90",1.000784879
2014/8/14,"2,335.95",0.990270889
2014/8/15,"2,360.64",1.010569576
2014/8/18,"2,374.56",1.005896706
2014/8/19,"2,374.77",1.000088437
2014/8/20,"2,366.14",0.996365964
2014/8/21,"2,354.24",0.994970712
2014/8/22,"2,365.36",1.004723393
2014/8/25,"2,342.86",0.990487706
2014/8/26,"2,324.09",0.991988424
2014/8/27,"2,327.60",1.001510269
2014/8/28,"2,311.28",0.992988486
2014/8/29,"2,338.29",1.011686165
2014/9/1,"2,355.32",1.0072831
2014/9/2,"2,386.46",1.013221133
2014/9/3,"2,408.84",1.009377907
2014/9/4,"2,426.22",1.007215091
2014/9/5,"2,449.26",1.009496253
2014/9/9,"2,445.22",0.998350522
2014/9/10,"2,432.43",0.994769387
2014/9/11,"2,423.45",0.996308219
2014/9/12,"2,438.36",1.006152386
2014/9/15,"2,437.19",0.999520169
2014/9/16,"2,388.77",0.980132858
2014/9/17,"2,401.33",1.005257936
2014/9/18,"2,408.66",1.003052475
2014/9/19,"2,425.21",1.00687104
2014/9/22,"2,378.92",0.980912993
2014/9/23,"2,399.46",1.00863417
2014/9/24,"2,441.86",1.017670643
2014/9/25,"2,436.97",0.997997428
2014/9/26,"2,437.20",1.00009438
2014/9/29,"2,447.80",1.004349253
2014/9/30,"2,450.99",1.001303211
2014/10/8,"2,478.38",1.011175076
2014/10/9,"2,481.96",1.001444492
2014/10/10,"2,466.79",0.993887895
2014/10/13,"2,454.95",0.99520024
2014/10/14,"2,446.56",0.996582415
2014/10/15,"2,463.87",1.00707524
2014/10/16,"2,444.40",0.992097797
2014/10/17,"2,441.73",0.998907707
2014/10/20,"2,454.71",1.005315903
2014/10/21,"2,433.39",0.991314656
2014/10/22,"2,418.64",0.993938497
2014/10/23,"2,395.94",0.99061456
2014/10/24,"2,390.71",0.997817141
2014/10/27,"2,368.83",0.990847907
2014/10/28,"2,416.65",1.020187181
2014/10/29,"2,451.38",1.014371134
2014/10/30,"2,468.93",1.007159233
2014/10/31,"2,508.33",1.01595833
2014/11/3,"2,512.55",1.001682394
2014/11/4,"2,513.17",1.000246761
2014/11/5,"2,503.45",0.996132375
2014/11/6,"2,506.07",1.001046556
2014/11/7,"2,502.15",0.998435798
2014/11/10,"2,565.73",1.025410147
2014/11/11,"2,558.61",0.997224961
2014/11/12,"2,594.32",1.013956797
2014/11/13,"2,579.75",0.994383885
2014/11/14,"2,581.09",1.00051943
2014/11/17,"2,567.10",0.994579809
2014/11/18,"2,541.42",0.989996494
2014/11/19,"2,537.22",0.998347381
2014/11/20,"2,537.10",0.999952704
2014/11/21,"2,583.46",1.018272831
2014/11/24,"2,649.26",1.025469719
2014/11/25,"2,685.56",1.013701939
2014/11/26,"2,723.02",1.013948674
2014/11/27,"2,754.49",1.011557021
2014/11/28,"2,808.82",1.019724159
2014/12/1,"2,819.81",1.003912675
2014/12/2,"2,923.94",1.03692802
2014/12/3,"2,967.55",1.014914807
2014/12/4,"3,104.35",1.046098634
2014/12/5,"3,124.89",1.006616522
2014/12/8,"3,252.88",1.040958242
2014/12/9,"3,106.91",0.955125919
2014/12/10,"3,221.55",1.036898397
2014/12/11,"3,183.01",0.988036815
2014/12/12,"3,193.23",1.003210797
2014/12/15,"3,217.23",1.007515901
2014/12/16,"3,303.40",1.02678391
2014/12/17,"3,360.60",1.017315493
2014/12/18,"3,345.93",0.995634708
2014/12/19,"3,383.17",1.01112994
2014/12/22,"3,394.48",1.003343019
2014/12/23,"3,324.92",0.979507907
2014/12/24,"3,230.39",0.971569241
2014/12/25,"3,335.42",1.032513102
2014/12/26,"3,445.84",1.033105276
2014/12/29,"3,455.46",1.002791772
2014/12/30,"3,457.55",1.00060484
2014/12/31,"3,533.71",1.022027158
2015/1/5,"3,641.54",1.030514672
2015/1/6,"3,641.06",0.999868188
2015/1/7,"3,643.79",1.000749782
2015/1/8,"3,559.26",0.976801627
2015/1/9,"3,546.72",0.996476796
2015/1/12,"3,513.58",0.990656156
2015/1/13,"3,514.04",1.000130921
2015/1/14,"3,502.42",0.996693265
2015/1/15,"3,604.12",1.029037066
2015/1/16,"3,635.15",1.008609591
2015/1/19,"3,355.16",0.922977044
2015/1/20,"3,396.22",1.012237866
2015/1/21,"3,548.89",1.044952918
2015/1/22,"3,567.61",1.005274889
2015/1/23,"3,571.73",1.001154835
2015/1/26,"3,607.99",1.010151943
2015/1/27,"3,574.93",0.990837003
2015/1/28,"3,525.32",0.986122805
2015/1/29,"3,481.80",0.987655021
2015/1/30,"3,434.39",0.98638348
2015/2/2,"3,353.96",0.976580994
2015/2/3,"3,437.45",1.024892962
2015/2/4,"3,401.77",0.989620213
2015/2/5,"3,366.95",0.989764152
2015/2/6,"3,312.42",0.983804333
2015/2/9,"3,345.92",1.010113452
2015/2/10,"3,406.94",1.018237137
2015/2/11,"3,434.12",1.007977833
2015/2/12,"3,442.87",1.00254796
2015/2/13,"3,469.83",1.007830676
2015/2/16,"3,499.48",1.008545087
2015/2/17,"3,522.32",1.006526684
2015/2/25,"3,478.73",0.987624634
2015/2/26,"3,566.30",1.02517298
2015/2/27,"3,572.84",1.001833833
2015/3/2,"3,601.27",1.007957255
2015/3/3,"3,507.90",0.974073035
2015/3/4,"3,530.82",1.006533824
2015/3/5,"3,496.34",0.990234563
2015/3/6,"3,478.52",0.994903242
2015/3/9,"3,537.75",1.017027356
2015/3/10,"3,520.61",0.995155113
2015/3/11,"3,524.65",1.001147528
2015/3/12,"3,592.84",1.019346602
2015/3/13,"3,617.66",1.006908184
2015/3/16,"3,705.67",1.02432788
2015/3/17,"3,757.12",1.013884129
2015/3/18,"3,846.06",1.023672387
2015/3/19,"3,839.74",0.99835676
2015/3/20,"3,892.57",1.013758744
2015/3/23,"3,972.06",1.020420956
2015/3/24,"3,973.05",1.000249241
2015/3/25,"3,940.41",0.991784649
2015/3/26,"3,950.00",1.002433757
2015/3/27,"3,971.70",1.005493671
2015/3/30,"4,088.18",1.029327492
2015/3/31,"4,051.20",0.99095441
2015/4/1,"4,123.90",1.0179453
2015/4/2,"4,124.78",1.00021339
2015/4/3,"4,170.54",1.011093925
2015/4/7,"4,260.04",1.021460051
2015/4/8,"4,295.80",1.008394287
2015/4/9,"4,262.14",0.99216444
2015/4/10,"4,344.42",1.019304856
2015/4/13,"4,421.07",1.017643322
2015/4/14,"4,438.18",1.003870104
2015/4/15,"4,380.51",0.987005935
2015/4/16,"4,513.55",1.030370893
2015/4/17,"4,596.14",1.018298235
2015/4/20,"4,521.92",0.983851667
2015/4/21,"4,619.16",1.02150414
2015/4/22,"4,739.81",1.026119468
2015/4/23,"4,740.89",1.000227857
2015/4/24,"4,702.64",0.991931895
2015/4/27,"4,807.59",1.022317252
2015/4/28,"4,741.86",0.986327869
2015/4/29,"4,774.33",1.006847524
2015/4/30,"4,749.89",0.994880957
2015/5/4,"4,787.74",1.007968606
2015/5/5,"4,596.84",0.960127325
2015/5/6,"4,553.33",0.990534802
2015/5/7,"4,470.09",0.981718874
2015/5/8,"4,558.40",1.019755754
2015/5/11,"4,690.53",1.028986048
2015/5/12,"4,747.42",1.012128693
2015/5/13,"4,718.44",0.993895632
2015/5/14,"4,700.78",0.996257238
2015/5/15,"4,617.47",0.982277409
2015/5/18,"4,575.14",0.990832642
2015/5/19,"4,731.22",1.034114803
2015/5/20,"4,754.92",1.005009279
2015/5/21,"4,840.98",1.018099148
2015/5/22,"4,951.34",1.022797037
2015/5/25,"5,099.50",1.029923213
2015/5/26,"5,198.92",1.019496029
2015/5/27,"5,181.43",0.99663584
2015/5/28,"4,834.01",0.932949012
2015/5/29,"4,840.83",1.001410837
2015/6/1,"5,076.18",1.048617696
2015/6/2,"5,161.87",1.016880804
2015/6/3,"5,143.59",0.996458648
2015/6/4,"5,181.42",1.007354785
2015/6/5,"5,230.55",1.009481957
2015/6/8,"5,353.75",1.023553928
2015/6/9,"5,317.46",0.993221574
2015/6/10,"5,309.11",0.998429701
2015/6/11,"5,306.59",0.999525344
2015/6/12,"5,335.12",1.005376334
2015/6/15,"5,221.17",0.97864153
2015/6/16,"5,064.82",0.970054605
2015/6/17,"5,138.83",1.014612563
2015/6/18,"4,930.55",0.959469373
2015/6/19,"4,637.05",0.940473172
2015/6/23,"4,786.09",1.032141124
2015/6/24,"4,880.13",1.019648607
2015/6/25,"4,706.52",0.964425128
2015/6/26,"4,336.20",0.921317661
2015/6/29,"4,191.55",0.966641299
2015/6/30,"4,473.00",1.067146998
2015/7/1,"4,253.02",0.950820478
2015/7/2,"4,108.00",0.965901877
2015/7/3,"3,885.92",0.94593963
2015/7/6,"3,998.54",1.028981554
2015/7/7,"3,928.00",0.982358561
2015/7/8,"3,663.04",0.932545825
2015/7/9,"3,897.63",1.064042435
2015/7/10,"4,106.56",1.05360437
2015/7/13,"4,211.81",1.025629724
2015/7/14,"4,112.15",0.976337964
2015/7/15,"3,966.76",0.964643799
2015/7/16,"3,997.36",1.007714104
2015/7/17,"4,151.50",1.03856045
2015/7/20,"4,160.61",1.002194388
2015/7/21,"4,166.01",1.001297887
2015/7/22,"4,157.16",0.997875665
2015/7/23,"4,250.81",1.022527399
2015/7/24,"4,176.28",0.982466871
2015/7/27,"3,818.73",0.91438553
2015/7/28,"3,811.09",0.997999335
2015/7/29,"3,930.38",1.031300756
2015/7/30,"3,815.41",0.970748375
2015/7/31,"3,816.70",1.000338103
2015/8/3,"3,829.24",1.003285561
2015/8/4,"3,948.16",1.031055771
2015/8/5,"3,866.90",0.979418261
2015/8/6,"3,831.85",0.990935892
2015/8/7,"3,906.95",1.019598888
2015/8/10,"4,084.37",1.045411382
2015/8/11,"4,066.67",0.995666406
2015/8/12,"4,016.13",0.987572141
2015/8/13,"4,075.46",1.014772928
2015/8/14,"4,073.54",0.999528888
2015/8/17,"4,077.87",1.001062958
2015/8/18,"3,825.41",0.938090228
2015/8/19,"3,886.14",1.015875423
2015/8/20,"3,761.45",0.967914177
2015/8/21,"3,589.54",0.95429688
2015/8/24,"3,275.53",0.912520824
2015/8/25,"3,042.93",0.928988591
2015/8/26,"3,025.69",0.994334408
2015/8/27,"3,205.64",1.059474037
2015/8/28,"3,342.29",1.042627993
2015/8/31,"3,366.54",1.007255504
2015/9/1,"3,362.08",0.998675198
2015/9/2,"3,365.83",1.001115381
2015/9/7,"3,250.49",0.965732078
2015/9/8,"3,334.02",1.025697664
2015/9/9,"3,399.31",1.019582966
2015/9/10,"3,357.56",0.987718096
2015/9/11,"3,347.19",0.996911448
2015/9/14,"3,281.13",0.980264042
2015/9/15,"3,152.23",0.960714754
2015/9/16,"3,309.25",1.049812355
2015/9/17,"3,237.00",0.978167258
2015/9/18,"3,251.27",1.004408403
2015/9/21,"3,308.25",1.017525459
2015/9/22,"3,339.03",1.009304013
2015/9/23,"3,263.03",0.977238899
2015/9/24,"3,285.00",1.006733006
2015/9/25,"3,231.95",0.983850837
2015/9/28,"3,242.75",1.003341636
2015/9/29,"3,178.85",0.980294503
2015/9/30,"3,202.95",1.007581358
2015/10/8,"3,296.48",1.029201205
2015/10/9,"3,340.12",1.013238363
2015/10/12,"3,447.69",1.03220543
2015/10/13,"3,445.04",0.999231369
2015/10/14,"3,406.11",0.988699696
2015/10/15,"3,486.82",1.023695653
2015/10/16,"3,534.07",1.013551029
2015/10/19,"3,534.18",1.000031126
2015/10/20,"3,577.70",1.01231403
2015/10/21,"3,473.25",0.970805266
2015/10/22,"3,524.53",1.01476427
2015/10/23,"3,571.24",1.013252831
2015/10/26,"3,589.26",1.005045866
2015/10/27,"3,592.88",1.001008564
2015/10/28,"3,524.92",0.981084812
2015/10/29,"3,533.31",1.002380196
2015/10/30,"3,534.08",1.000217926
2015/11/2,"3,475.96",0.983554419
2015/11/3,"3,465.49",0.996987882
2015/11/4,"3,628.54",1.047049624
2015/11/5,"3,705.97",1.021339161
2015/11/6,"3,793.37",1.023583569
2015/11/9,"3,840.35",1.012384766
2015/11/10,"3,833.24",0.998148606
2015/11/11,"3,833.65",1.000106959
2015/11/12,"3,795.32",0.990001696
2015/11/13,"3,746.24",0.987068284
2015/11/16,"3,764.13",1.004775455
2015/11/17,"3,758.39",0.998475079
2015/11/18,"3,715.58",0.988609484
2015/11/19,"3,774.97",1.015984046
2015/11/20,"3,774.38",0.999843707
2015/11/23,"3,753.34",0.994425575
2015/11/24,"3,753.89",1.000146536
2015/11/25,"3,781.61",1.00738434
2015/11/26,"3,759.43",0.994134773
2015/11/27,"3,556.99",0.946151411
2015/11/30,"3,566.41",1.002648307
2015/12/1,"3,591.70",1.007091165
2015/12/2,"3,721.95",1.036264165
2015/12/3,"3,749.30",1.007348299
2015/12/4,"3,677.59",0.980873763
2015/12/7,"3,687.61",1.00272461
2015/12/8,"3,623.02",0.98248459
2015/12/9,"3,635.94",1.003566086
2015/12/10,"3,623.08",0.996463088
2015/12/11,"3,608.06",0.995854356
2015/12/14,"3,711.32",1.028619258
2015/12/15,"3,694.39",0.995438281
2015/12/16,"3,685.44",0.997577408
2015/12/17,"3,755.89",1.019115764
2015/12/18,"3,767.91",1.003200307
2015/12/21,"3,865.96",1.026022384
2015/12/22,"3,876.73",1.002785854
2015/12/23,"3,866.38",0.997330224
2015/12/24,"3,829.40",0.990435498
2015/12/25,"3,838.20",1.00229801
2015/12/28,"3,727.63",0.971192226
2015/12/29,"3,761.87",1.009185461
2015/12/30,"3,765.18",1.000879882
2015/12/31,"3,731.00",0.990922081
2016/1/4,"3,469.07",0.929796301
2016/1/5,"3,478.78",1.002799021
2016/1/6,"3,539.81",1.017543507
2016/1/7,"3,294.38",0.93066577
2016/1/8,"3,361.56",1.020392304
2016/1/11,"3,192.45",0.949693
2016/1/12,"3,215.71",1.00728594
2016/1/13,"3,155.88",0.981394467
2016/1/14,"3,221.57",1.020815113
2016/1/15,"3,118.73",0.968077676
2016/1/18,"3,130.73",1.00384772
2016/1/19,"3,223.13",1.029513883
2016/1/20,"3,174.38",0.984874951
2016/1/21,"3,081.35",0.97069349
2016/1/22,"3,113.46",1.010420757
2016/1/25,"3,128.89",1.004955901
2016/1/26,"2,940.51",0.939793345
2016/1/27,"2,930.35",0.996544817
2016/1/28,"2,853.76",0.97386319
2016/1/29,"2,946.09",1.032353807
2016/2/1,"2,901.05",0.98471194
2016/2/2,"2,961.33",1.020778684
2016/2/3,"2,948.64",0.995714763
2016/2/4,"2,984.76",1.012249715
2016/2/5,"2,963.79",0.992974309
2016/2/15,"2,946.71",0.994237109
2016/2/16,"3,037.04",1.030654527
2016/2/17,"3,063.32",1.008653162
2016/2/18,"3,053.70",0.996859616
2016/2/19,"3,051.59",0.999309035
2016/2/22,"3,118.87",1.022047523
2016/2/23,"3,089.36",0.99053824
2016/2/24,"3,109.55",1.006535334
2016/2/25,"2,918.75",0.938640639
2016/2/26,"2,948.03",1.010031692
2016/2/29,"2,877.47",0.976065372
2016/3/1,"2,930.69",1.018495414
2016/3/2,"3,051.33",1.041164367
2016/3/3,"3,058.42",1.002323577
2016/3/4,"3,093.89",1.011597492
2016/3/7,"3,104.84",1.003539234
2016/3/8,"3,107.67",1.00091148
2016/3/9,"3,071.91",0.988492987
2016/3/10,"3,013.15",0.980871835
2016/3/11,"3,018.28",1.001702537
2016/3/14,"3,065.69",1.015707622
2016/3/15,"3,074.78",1.002965075
2016/3/16,"3,090.03",1.004959704
2016/3/17,"3,124.20",1.011058145
2016/3/18,"3,171.96",1.015287114
2016/3/21,"3,249.44",1.024426538
2016/3/22,"3,225.79",0.992721823
2016/3/23,"3,236.09",1.003193016
2016/3/24,"3,181.85",0.983239032
2016/3/25,"3,197.82",1.005019093
2016/3/28,"3,169.73",0.991215891
2016/3/29,"3,135.41",0.989172579
2016/3/30,"3,216.28",1.02579248
2016/3/31,"3,218.09",1.000562762
2016/4/1,"3,221.89",1.001180825
2016/4/5,"3,264.49",1.013222053
2016/4/6,"3,257.53",0.997867967
2016/4/7,"3,209.29",0.985191234
2016/4/8,"3,185.73",0.992658812
2016/4/11,"3,230.10",1.013927734
2016/4/12,"3,218.45",0.996393301
2016/4/13,"3,261.38",1.013338719
2016/4/14,"3,275.83",1.00443064
2016/4/15,"3,272.21",0.998894937
2016/4/18,"3,228.45",0.986626775
2016/4/19,"3,238.30",1.003051
2016/4/20,"3,181.03",0.982314795
2016/4/21,"3,160.60",0.993577552
2016/4/22,"3,174.90",1.004524457
2016/4/25,"3,162.03",0.995946329
2016/4/26,"3,179.16",1.005417406
2016/4/27,"3,165.92",0.995835378
2016/4/28,"3,160.58",0.998313287
2016/4/29,"3,156.75",0.998788197
2016/5/3,"3,213.54",1.017990021
2016/5/4,"3,209.46",0.998730372
2016/5/5,"3,213.92",1.001389642
2016/5/6,"3,130.35",0.973997486
2016/5/9,"3,065.62",0.979321801
2016/5/10,"3,069.11",1.001138432
2016/5/11,"3,082.81",1.004463835
2016/5/12,"3,090.14",1.002377701
2016/5/13,"3,074.94",0.995081129
2016/5/16,"3,095.31",1.00662452
2016/5/17,"3,086.02",0.996998685
2016/5/18,"3,068.04",0.994173725
2016/5/19,"3,062.50",0.998194287
2016/5/20,"3,078.22",1.005133061
2016/5/23,"3,087.22",1.002923768
2016/5/24,"3,063.56",0.992336147
2016/5/25,"3,059.23",0.998586612
2016/5/26,"3,064.21",1.001627861
2016/5/27,"3,062.50",0.999441944
2016/5/30,"3,066.71",1.001374694
2016/5/31,"3,169.56",1.03353757
2016/6/1,"3,160.55",0.997157334
2016/6/2,"3,167.10",1.002072424
2016/6/3,"3,189.33",1.007019039
2016/6/6,"3,178.79",0.996695231
2016/6/7,"3,177.05",0.999452622
2016/6/8,"3,163.99",0.995889268
2016/6/13,"3,066.34",0.969137071
2016/6/14,"3,075.98",1.003143813
2016/6/15,"3,116.37",1.013130775
2016/6/16,"3,094.67",0.99303677
2016/6/17,"3,110.36",1.005070007
2016/6/20,"3,112.67",1.000742679
2016/6/21,"3,106.32",0.997959951
2016/6/22,"3,133.96",1.008897989
2016/6/23,"3,117.32",0.994690424
2016/6/24,"3,077.16",0.987117139
2016/6/27,"3,120.54",1.014097414
2016/6/28,"3,136.40",1.005082454
2016/6/29,"3,151.39",1.004779365
2016/6/30,"3,153.92",1.00080282
2016/7/1,"3,154.20",1.000088778
2016/7/4,"3,204.70",1.016010399
2016/7/5,"3,207.38",1.000836272
2016/7/6,"3,216.80",1.002936977
2016/7/7,"3,209.95",0.997870555
2016/7/8,"3,192.28",0.994495241
2016/7/11,"3,203.33",1.003461476
2016/7/12,"3,273.18",1.021805434
2016/7/13,"3,282.87",1.002960424
2016/7/14,"3,276.76",0.998138824
2016/7/15,"3,276.28",0.999853514
2016/7/18,"3,262.02",0.995647503
2016/7/19,"3,248.23",0.995772558
2016/7/20,"3,237.61",0.996730527
2016/7/21,"3,252.52",1.004605249
2016/7/22,"3,225.16",0.991588061
2016/7/25,"3,230.89",1.001776656
2016/7/26,"3,269.59",1.011978124
2016/7/27,"3,218.24",0.984294667
2016/7/28,"3,221.14",1.000901114
2016/7/29,"3,203.93",0.994657171
2016/8/1,"3,176.81",0.991535396
2016/8/2,"3,189.05",1.003852922
2016/8/3,"3,193.51",1.001398536
2016/8/4,"3,201.29",1.002436191
2016/8/5,"3,205.11",1.001193269
2016/8/8,"3,234.18",1.009069892
2016/8/9,"3,256.98",1.0070497
2016/8/10,"3,243.34",0.995812071
2016/8/11,"3,233.36",0.996922925
2016/8/12,"3,294.23",1.018825618
2016/8/15,"3,393.42",1.030110223
2016/8/16,"3,378.25",0.995529584
2016/8/17,"3,373.05",0.998460742
2016/8/18,"3,364.49",0.997462237
2016/8/19,"3,365.02",1.000157528
2016/8/22,"3,336.79",0.991610748
2016/8/23,"3,341.83",1.001510434
2016/8/24,"3,329.86",0.99641813
2016/8/25,"3,308.97",0.993726463
2016/8/26,"3,307.09",0.999431847
2016/8/29,"3,307.78",1.000208643
2016/8/30,"3,311.99",1.001272757
2016/8/31,"3,327.79",1.004770546
2016/9/1,"3,301.58",0.992123902
2016/9/2,"3,314.11",1.003795153
2016/9/5,"3,319.68",1.001680693
2016/9/6,"3,342.63",1.006913317
2016/9/7,"3,340.82",0.99945851
2016/9/8,"3,339.56",0.999622847
2016/9/9,"3,318.04",0.993556037
2016/9/12,"3,262.60",0.983291341
2016/9/13,"3,260.33",0.999304236
2016/9/14,"3,238.73",0.993374904
2016/9/19,"3,263.12",1.00753073
2016/9/20,"3,257.40",0.998247076
2016/9/21,"3,266.64",1.002836618
2016/9/22,"3,291.12",1.007493939
2016/9/23,"3,275.67",0.995305549
2016/9/26,"3,220.28",0.983090482
2016/9/27,"3,240.75",1.00635659
2016/9/28,"3,230.89",0.996957494
2016/9/29,"3,244.39",1.004178415
2016/9/30,"3,253.28",1.002740114
2016/10/10,"3,293.87",1.012476639
2016/10/11,"3,306.56",1.003852611
2016/10/12,"3,300.01",0.998019089
2016/10/13,"3,302.65",1.000799998
2016/10/14,"3,305.85",1.000968919
2016/10/17,"3,277.88",0.991539241
2016/10/18,"3,321.33",1.013255519
2016/10/19,"3,316.24",0.998467481
2016/10/20,"3,318.60",1.000711649
2016/10/21,"3,327.74",1.002754173
2016/10/24,"3,367.58",1.011972089
2016/10/25,"3,367.45",0.999961397
2016/10/26,"3,354.80",0.996243448
2016/10/27,"3,345.70",0.997287469
2016/10/28,"3,340.13",0.998335176
2016/10/31,"3,336.28",0.99884735
2016/11/1,"3,359.05",1.006824967
2016/11/2,"3,333.35",0.992349027
2016/11/3,"3,365.09",1.009521952
2016/11/4,"3,354.17",0.996754916
2016/11/7,"3,356.59",1.00072149
2016/11/8,"3,371.12",1.004328798
2016/11/9,"3,353.05",0.994639764
2016/11/10,"3,390.61",1.011201742
2016/11/11,"3,417.22",1.007848145
2016/11/14,"3,430.25",1.003813041
2016/11/15,"3,429.87",0.999889221
2016/11/16,"3,429.59",0.999918364
2016/11/17,"3,436.54",1.002026481
2016/11/18,"3,417.46",0.994447904
2016/11/21,"3,441.11",1.006920344
2016/11/22,"3,468.36",1.007918956
2016/11/23,"3,474.73",1.001836603
2016/11/24,"3,488.74",1.004031968
2016/11/25,"3,521.30",1.009332882
2016/11/28,"3,535.08",1.003913327
2016/11/29,"3,564.04",1.008192177
2016/11/30,"3,538.00",0.992693685
2016/12/1,"3,565.04",1.007642736
2016/12/2,"3,528.95",0.989876691
2016/12/5,"3,469.41",0.983128126
2016/12/6,"3,459.15",0.997042725
2016/12/7,"3,475.75",1.004798867
2016/12/8,"3,470.14",0.99838596
2016/12/9,"3,493.70",1.006789351
2016/12/12,"3,409.18",0.975807883
2016/12/13,"3,405.04",0.998785632
2016/12/14,"3,378.95",0.992337829
2016/12/15,"3,340.43",0.988600009
2016/12/16,"3,346.03",1.001676431
2016/12/19,"3,328.98",0.994904409
2016/12/20,"3,309.06",0.994016185
2016/12/21,"3,338.54",1.008908874
2016/12/22,"3,335.67",0.999140343
2016/12/23,"3,307.60",0.991584899
2016/12/26,"3,322.40",1.004474543
2016/12/27,"3,316.39",0.998191067
2016/12/28,"3,301.89",0.995627776
2016/12/29,"3,297.76",0.998749201
2016/12/30,"3,310.08",1.003735869
2017/1/3,"3,342.23",1.009712756
2017/1/4,"3,368.31",1.007803173
2017/1/5,"3,367.79",0.99984562
2017/1/6,"3,347.67",0.994025756
2017/1/9,"3,363.90",1.004848148
2017/1/10,"3,358.27",0.998326347
2017/1/11,"3,334.50",0.992921951
2017/1/12,"3,317.62",0.994937772
2017/1/13,"3,319.91",1.000690254
2017/1/16,"3,319.45",0.999861442
2017/1/17,"3,326.36",1.00208167
2017/1/18,"3,339.37",1.003911182
2017/1/19,"3,329.29",0.996981467
2017/1/20,"3,354.89",1.007689327
2017/1/23,"3,364.08",1.002739285
2017/1/24,"3,364.45",1.000109985
2017/1/25,"3,375.90",1.003403231
2017/1/26,"3,387.96",1.003572381
2017/2/3,"3,364.49",0.993072527
2017/2/6,"3,373.21",1.002591775
2017/2/7,"3,365.68",0.997767705
2017/2/8,"3,383.29",1.005232226
2017/2/9,"3,396.29",1.003842414
2017/2/10,"3,413.49",1.00506435
2017/2/13,"3,436.28",1.006676451
2017/2/14,"3,435.80",0.999860314
2017/2/15,"3,421.71",0.995899063
2017/2/16,"3,440.93",1.005617075
2017/2/17,"3,421.44",0.994335834
2017/2/20,"3,471.39",1.014599116
2017/2/21,"3,482.82",1.003292629
2017/2/22,"3,489.76",1.001992638
2017/2/23,"3,473.32",0.995289074
2017/2/24,"3,473.85",1.000152592
2017/2/27,"3,446.22",0.992046289
2017/2/28,"3,452.81",1.00191224
2017/3/1,"3,458.44",1.001630556
2017/3/2,"3,435.10",0.993251292
2017/3/3,"3,427.86",0.997892347
2017/3/6,"3,446.48",1.00543196
2017/3/7,"3,453.96",1.00217033
2017/3/8,"3,448.73",0.998485796
2017/3/9,"3,426.94",0.993681732
2017/3/10,"3,427.89",1.000277215
2017/3/13,"3,458.10",1.008813002
2017/3/14,"3,456.69",0.999592262
2017/3/15,"3,463.64",1.002010594
2017/3/16,"3,481.51",1.005159312
2017/3/17,"3,445.81",0.989745829
2017/3/20,"3,449.61",1.001102789
2017/3/21,"3,466.35",1.004852722
2017/3/22,"3,450.05",0.995297647
2017/3/23,"3,461.98",1.003457921
2017/3/24,"3,489.60",1.007978093
2017/3/27,"3,478.04",0.996687299
2017/3/28,"3,469.81",0.997633725
2017/3/29,"3,465.19",0.998668515
2017/3/30,"3,436.76",0.991795544
2017/3/31,"3,456.05",1.005612845
2017/4/5,"3,503.89",1.013842392
2017/4/6,"3,514.05",1.002899634
2017/4/7,"3,517.46",1.00097039
2017/4/10,"3,505.14",0.996497473
2017/4/11,"3,517.33",1.00347775
2017/4/12,"3,509.44",0.997756821
2017/4/13,"3,514.57",1.001461772
2017/4/14,"3,486.50",0.992013248
2017/4/17,"3,479.94",0.998118457
2017/4/18,"3,462.74",0.995057386
2017/4/19,"3,445.88",0.995131023
2017/4/20,"3,461.55",1.00454746
2017/4/21,"3,466.79",1.001513773
2017/4/24,"3,431.26",0.989751326
2017/4/25,"3,440.97",1.002829864
2017/4/26,"3,445.18",1.001223492
2017/4/27,"3,446.72",1.000447001
2017/4/28,"3,439.75",0.997977788
2017/5/2,"3,426.58",0.996171233
2017/5/3,"3,413.13",0.996074803
2017/5/4,"3,404.39",0.997439301
2017/5/5,"3,382.55",0.993584754
2017/5/8,"3,358.81",0.992981626
2017/5/9,"3,352.53",0.99813029
2017/5/10,"3,337.70",0.995576475
2017/5/11,"3,356.65",1.005677562
2017/5/12,"3,385.38",1.008559129
2017/5/15,"3,399.19",1.004079306
2017/5/16,"3,428.65",1.008666771
2017/5/17,"3,409.97",0.994551792
2017/5/18,"3,398.11",0.996521964
2017/5/19,"3,403.85",1.001689174
2017/5/22,"3,411.24",1.002171071
2017/5/23,"3,424.19",1.003796273
2017/5/24,"3,424.17",0.999994159
2017/5/25,"3,485.66",1.017957636
2017/5/26,"3,480.43",0.998499567
2017/5/31,"3,492.88",1.003577144
2017/6/1,"3,497.74",1.001391402
2017/6/2,"3,486.51",0.996789355
2017/6/5,"3,468.75",0.994906081
2017/6/6,"3,492.88",1.006956396
2017/6/7,"3,533.87",1.011735302
2017/6/8,"3,560.98",1.007671476
2017/6/9,"3,576.17",1.00426568
2017/6/12,"3,574.39",0.999502261
2017/6/13,"3,582.27",1.002204572
2017/6/14,"3,535.30",0.986888202
2017/6/15,"3,528.79",0.998158572
2017/6/16,"3,518.76",0.997157666
2017/6/19,"3,553.67",1.009921109
2017/6/20,"3,546.49",0.997979554
2017/6/21,"3,587.96",1.011693252
2017/6/22,"3,590.34",1.00066333
2017/6/23,"3,622.88",1.009063208
2017/6/26,"3,668.09",1.012479022
2017/6/27,"3,674.72",1.00180748
2017/6/28,"3,646.17",0.992230701
2017/6/29,"3,668.83",1.00621474
2017/6/30,"3,666.80",0.99944669
2017/7/3,"3,650.85",0.995650158
2017/7/4,"3,619.98",0.991544435
2017/7/5,"3,659.68",1.010966911
2017/7/6,"3,660.10",1.000114764
2017/7/7,"3,655.93",0.998860687
2017/7/10,"3,653.69",0.999387297
2017/7/11,"3,670.81",1.004685674
2017/7/12,"3,658.82",0.996733691
2017/7/13,"3,686.92",1.007680072
2017/7/14,"3,703.09",1.004385775
2017/7/17,"3,663.56",0.989325131
2017/7/18,"3,667.18",1.00098811
2017/7/19,"3,729.75",1.017062157
2017/7/20,"3,747.88",1.004860916
2017/7/21,"3,728.60",0.994855758
2017/7/24,"3,743.47",1.003988092
2017/7/25,"3,719.56",0.993612878
2017/7/26,"3,705.39",0.99619041
2017/7/27,"3,712.19",1.001835164
2017/7/28,"3,721.89",1.002613013
2017/7/31,"3,737.87",1.004293518
2017/8/1,"3,770.38",1.008697467
2017/8/2,"3,760.85",0.997472403
2017/8/3,"3,727.83",0.99122007
2017/8/4,"3,707.58",0.994567885
2017/8/7,"3,726.79",1.005181277
2017/8/8,"3,732.21",1.001454335
2017/8/9,"3,731.04",0.999686513
2017/8/10,"3,715.92",0.995947511
2017/8/11,"3,647.35",0.981546965
2017/8/14,"3,694.68",1.012976545
2017/8/15,"3,706.06",1.003080104
2017/8/16,"3,701.42",0.998747997
2017/8/17,"3,721.28",1.005365508
2017/8/18,"3,724.67",1.000910977
2017/8/21,"3,740.99",1.004381596
2017/8/22,"3,752.30",1.003023264
2017/8/23,"3,756.09",1.001010047
2017/8/24,"3,734.65",0.994291937
2017/8/25,"3,795.75",1.016360302
2017/8/28,"3,842.71",1.012371732
2017/8/29,"3,834.54",0.997873896
2017/8/30,"3,834.30",0.999937411
2017/8/31,"3,822.09",0.996815586
2017/9/1,"3,830.54",1.002210832
2017/9/4,"3,845.62",1.003936782
2017/9/5,"3,857.05",1.002972213
2017/9/6,"3,849.45",0.998029582
2017/9/7,"3,829.87",0.994913559
2017/9/8,"3,825.99",0.998986911
2017/9/11,"3,825.65",0.999911134
2017/9/12,"3,837.93",1.003209912
2017/9/13,"3,842.61",1.001219407
2017/9/14,"3,829.96",0.996707967
2017/9/15,"3,831.30",1.000349873
2017/9/18,"3,843.14",1.003090335
2017/9/19,"3,832.12",0.997132553
2017/9/20,"3,842.44",1.002693026
2017/9/21,"3,837.82",0.998797639
2017/9/22,"3,837.73",0.999976549
2017/9/25,"3,817.79",0.99480422
2017/9/26,"3,820.78",1.000783176
2017/9/27,"3,821.20",1.000109925
2017/9/28,"3,822.54",1.000350675
2017/9/29,"3,836.50",1.003652022
2017/10/9,"3,882.21",1.011914505
2017/10/10,"3,889.86",1.001970527
2017/10/11,"3,902.69",1.003298319
2017/10/12,"3,912.95",1.002628956
2017/10/13,"3,921.00",1.002057271
2017/10/16,"3,913.45",0.998074471
2017/10/17,"3,913.07",0.999902899
2017/10/18,"3,944.16",1.007945168
2017/10/19,"3,931.25",0.996726806
2017/10/20,"3,926.85",0.998880763
2017/10/23,"3,930.80",1.001005895
2017/10/24,"3,959.40",1.007275873
2017/10/25,"3,976.95",1.00443249
2017/10/26,"3,993.58",1.004181596
2017/10/27,"4,021.97",1.00710891
2017/10/30,"4,009.72",0.996954229
2017/10/31,"4,006.72",0.999251818
2017/11/1,"3,996.62",0.997479235
2017/11/2,"3,997.13",1.000127608
2017/11/3,"3,992.70",0.998891705
2017/11/6,"4,020.89",1.007060385
2017/11/7,"4,054.25",1.008296671
2017/11/8,"4,048.01",0.998460874
2017/11/9,"4,075.90",1.006889805
2017/11/10,"4,111.91",1.008834859
2017/11/13,"4,128.07",1.003930047
2017/11/14,"4,099.35",0.993042754
2017/11/15,"4,073.67",0.993735592
2017/11/16,"4,105.01",1.007693308
2017/11/17,"4,120.85",1.003858699
2017/11/20,"4,143.83",1.005576519
2017/11/21,"4,217.70",1.017826504
2017/11/22,"4,227.57",1.002340138
2017/11/23,"4,102.40",0.970391975
2017/11/24,"4,104.20",1.000438768
2017/11/27,"4,049.95",0.986781833
2017/11/28,"4,055.82",1.001449401
2017/11/29,"4,053.75",0.999489622
2017/11/30,"4,006.10",0.988245452
2017/12/1,"3,998.14",0.99801303
2017/12/4,"4,018.86",1.00518241
2017/12/5,"4,040.17",1.005302499
2017/12/6,"4,015.82",0.993973026
2017/12/7,"3,971.06",0.988854082
2017/12/8,"4,003.38",1.008138885
2017/12/11,"4,069.50",1.016516044
2017/12/12,"4,016.02",0.986858336
2017/12/13,"4,050.09",1.008483523
2017/12/14,"4,026.15",0.99408902
2017/12/15,"3,980.86",0.98875104
2017/12/18,"3,985.29",1.001112825
2017/12/19,"4,035.33",1.012556175
2017/12/20,"4,030.49",0.998800594
2017/12/21,"4,067.85",1.009269344
2017/12/22,"4,054.60",0.996742751
2017/12/25,"4,041.54",0.996778967
2017/12/26,"4,053.62",1.00298896
2017/12/27,"3,991.21",0.984603885
2017/12/28,"4,018.90",1.006937746
2017/12/29,"4,030.85",1.00297345
2018/1/2,"4,087.40",1.014029299
2018/1/3,"4,111.39",1.005869257
2018/1/4,"4,128.81",1.00423701
2018/1/5,"4,138.75",1.002407473
2018/1/8,"4,160.16",1.005173059
2018/1/9,"4,189.30",1.007004538
2018/1/10,"4,207.81",1.004418399
2018/1/11,"4,205.59",0.99947241
2018/1/12,"4,225.00",1.004615286
2018/1/15,"4,225.24",1.000056805
2018/1/16,"4,258.47",1.007864642
2018/1/17,"4,248.12",0.99756955
2018/1/18,"4,271.42",1.005484779
2018/1/19,"4,285.40",1.003272916
2018/1/22,"4,336.60",1.011947543
2018/1/23,"4,382.61",1.010609694
2018/1/24,"4,389.89",1.001661111
2018/1/25,"4,365.08",0.994348378
2018/1/26,"4,381.30",1.003715854
2018/1/29,"4,302.02",0.981904914
2018/1/30,"4,256.10",0.989325945
2018/1/31,"4,275.90",1.004652146
2018/2/1,"4,245.90",0.992983933
2018/2/2,"4,271.23",1.005965755
2018/2/5,"4,274.15",1.000683644
2018/2/6,"4,148.89",0.970693588
2018/2/7,"4,050.50",0.976285223
2018/2/8,"4,012.05",0.990507345
2018/2/9,"3,840.65",0.957278698
2018/2/12,"3,890.10",1.012875425
2018/2/13,"3,935.63",1.011704069
2018/2/14,"3,966.96",1.007960606
2018/2/22,"4,052.73",1.02162109
2018/2/23,"4,071.09",1.00453028
2018/2/26,"4,118.42",1.011625879
2018/2/27,"4,058.98",0.985567281
2018/2/28,"4,023.64",0.991293379
2018/3/1,"4,049.09",1.006325119
2018/3/2,"4,016.46",0.991941399
2018/3/5,"4,018.10",1.00040832
2018/3/6,"4,066.56",1.012060427
2018/3/7,"4,036.65",0.992644889
2018/3/8,"4,077.60",1.010144551
2018/3/9,"4,108.87",1.007668727
2018/3/12,"4,127.67",1.004575467
2018/3/13,"4,091.25",0.99117662
2018/3/14,"4,073.34",0.995622365
2018/3/15,"4,096.16",1.005602282
2018/3/16,"4,056.42",0.990298231
2018/3/19,"4,074.25",1.004395501
2018/3/20,"4,077.70",1.000846782
2018/3/21,"4,061.05",0.995916816
2018/3/22,"4,020.35",0.989977961
2018/3/23,"3,904.94",0.971293544
2018/3/26,"3,879.89",0.993585049
2018/3/27,"3,913.27",1.008603337
2018/3/28,"3,842.72",0.981971599
2018/3/29,"3,894.05",1.013357726
2018/3/30,"3,898.50",1.001142769
2018/4/2,"3,886.92",0.997029627
2018/4/3,"3,862.48",0.993712245
2018/4/4,"3,854.86",0.998027174
2018/4/9,"3,852.93",0.999499333
2018/4/10,"3,927.17",1.019268453
2018/4/11,"3,938.34",1.002844287
2018/4/12,"3,898.64",0.989919611
2018/4/13,"3,871.14",0.992946258
2018/4/16,"3,808.86",0.983911716
2018/4/17,"3,748.64",0.984189495
2018/4/18,"3,766.28",1.004705707
2018/4/19,"3,811.84",1.012096817
2018/4/20,"3,760.85",0.986623258
2018/4/23,"3,766.33",1.001457117
2018/4/24,"3,843.49",1.020486787
2018/4/25,"3,828.70",0.996151935
2018/4/26,"3,755.49",0.980878627
2018/4/27,"3,756.88",1.000370125
2018/5/2,"3,763.65",1.001802027
2018/5/3,"3,793.00",1.007798281
2018/5/4,"3,774.60",0.995148959
2018/5/7,"3,834.19",1.015787103
2018/5/8,"3,878.68",1.011603494
2018/5/9,"3,871.62",0.998179793
2018/5/10,"3,893.06",1.005537734
2018/5/11,"3,872.84",0.994806142
2018/5/14,"3,909.29",1.009411698
2018/5/15,"3,924.10",1.003788412
2018/5/16,"3,892.84",0.992033842
2018/5/17,"3,864.05",0.992604371
2018/5/18,"3,903.06",1.010095625
2018/5/21,"3,921.24",1.004657884
2018/5/22,"3,906.21",0.996167029
2018/5/23,"3,854.58",0.986782585
2018/5/24,"3,827.22",0.99290195
2018/5/25,"3,816.50",0.997199011
2018/5/28,"3,833.26",1.004391458
2018/5/29,"3,804.01",0.992369419
2018/5/30,"3,723.37",0.978801318
2018/5/31,"3,802.38",1.021220024
2018/6/1,"3,770.59",0.991639447
2018/6/4,"3,807.58",1.009810136
2018/6/5,"3,845.32",1.009911807
2018/6/6,"3,837.35",0.997927351
2018/6/7,"3,831.01",0.998347818
2018/6/8,"3,779.62",0.986585783
2018/6/11,"3,779.98",1.000095248
2018/6/12,"3,825.95",1.01216144
2018/6/13,"3,788.34",0.990169762
2018/6/14,"3,773.37",0.996048401
2018/6/15,"3,753.43",0.994715599
2018/6/19,"3,621.12",0.964749576
2018/6/20,"3,635.44",1.003954578
2018/6/21,"3,592.97",0.988317783
2018/6/22,"3,608.90",1.004433658
2018/6/25,"3,560.48",0.986583169
2018/6/26,"3,531.11",0.991751112
2018/6/27,"3,459.26",0.979652291
2018/6/28,"3,423.53",0.989671201
2018/6/29,"3,510.98",1.02554381
2018/7/2,"3,407.96",0.970657765
2018/7/3,"3,409.28",1.000387328
2018/7/4,"3,363.75",0.986645274
2018/7/5,"3,342.44",0.993664809
2018/7/6,"3,365.12",1.006785462
2018/7/9,"3,459.18",1.027951455
2018/7/10,"3,467.52",1.002410976
2018/7/11,"3,407.53",0.982699451
2018/7/12,"3,481.06",1.02157868
2018/7/13,"3,492.69",1.003340936
2018/7/16,"3,472.09",0.994101967
2018/7/17,"3,449.38",0.993459271
2018/7/18,"3,431.32",0.994764276
2018/7/19,"3,428.34",0.99913153
2018/7/20,"3,492.89",1.018828354
2018/7/23,"3,525.75",1.009407682
2018/7/24,"3,581.71",1.0158718
2018/7/25,"3,577.75",0.998894383
2018/7/26,"3,536.25",0.988400531
2018/7/27,"3,521.23",0.995752563
2018/7/30,"3,515.08",0.998253451
2018/7/31,"3,517.66",1.00073398
2018/8/1,"3,447.39",0.980023652
2018/8/2,"3,370.96",0.977829604
2018/8/3,"3,315.28",0.98348245
2018/8/6,"3,273.27",0.98732837
2018/8/7,"3,368.87",1.029206268
2018/8/8,"3,314.51",0.983864026
2018/8/9,"3,397.53",1.025047443
2018/8/10,"3,405.02",1.002204543
2018/8/13,"3,390.34",0.995688718
2018/8/14,"3,372.91",0.994858923
2018/8/15,"3,291.98",0.976005882
2018/8/16,"3,276.73",0.99536753
2018/8/17,"3,229.62",0.985622862
2018/8/20,"3,267.25",1.011651526
2018/8/21,"3,326.65",1.018180427
2018/8/22,"3,307.95",0.994378729
2018/8/23,"3,320.03",1.003651809
2018/8/24,"3,325.33",1.001596371
2018/8/27,"3,406.57",1.024430658
2018/8/28,"3,400.17",0.998121277
2018/8/29,"3,386.57",0.9960002
2018/8/30,"3,351.09",0.989523323
2018/8/31,"3,334.50",0.995049372
2018/9/3,"3,321.82",0.996197331
2018/9/4,"3,363.90",1.012667754
2018/9/5,"3,298.14",0.980451262
2018/9/6,"3,262.88",0.989309126
2018/9/7,"3,277.64",1.004523611
2018/9/10,"3,230.07",0.985486509
2018/9/11,"3,224.21",0.998185798
2018/9/12,"3,202.02",0.993117694
2018/9/13,"3,236.57",1.010790064
2018/9/14,"3,242.09",1.001705509
2018/9/17,"3,204.92",0.988535173
2018/9/18,"3,269.43",1.020128428
2018/9/19,"3,312.48",1.013167433
2018/9/20,"3,310.13",0.999290562
2018/9/21,"3,410.49",1.030319051
2018/9/25,"3,379.80",0.991001293
2018/9/26,"3,417.24",1.011077579
2018/9/27,"3,403.59",0.996005548
2018/9/28,"3,438.86",1.010362588
2018/10/8,"3,290.90",0.956974114
2018/10/9,"3,288.69",0.999328451
2018/10/10,"3,281.60",0.997844126
2018/10/11,"3,124.11",0.952008167
2018/10/12,"3,170.73",1.01492265
2018/10/15,"3,126.45",0.986034762
2018/10/16,"3,100.97",0.991850182
2018/10/17,"3,118.25",1.00557245
2018/10/18,"3,044.39",0.976313637
2018/10/19,"3,134.95",1.029746517
2018/10/22,"3,270.27",1.043164963
2018/10/23,"3,183.43",0.973445618
2018/10/24,"3,188.20",1.001498384
2018/10/25,"3,194.31",1.001916442
2018/10/26,"3,173.64",0.993529119
2018/10/29,"3,076.89",0.969514501
2018/10/30,"3,110.26",1.010845367
2018/10/31,"3,153.82",1.01400526
2018/11/1,"3,177.03",1.007359329
2018/11/2,"3,290.25",1.035637057
2018/11/5,"3,262.84",0.991669326
2018/11/6,"3,243.15",0.99396538
2018/11/7,"3,221.91",0.993450812
2018/11/8,"3,212.77",0.997163173
2018/11/9,"3,167.44",0.98589068
2018/11/12,"3,205.14",1.011902356
2018/11/13,"3,237.38",1.010058843
2018/11/14,"3,204.94",0.989979551
2018/11/15,"3,242.37",1.011678846
2018/11/16,"3,257.67",1.004718771
2018/11/19,"3,294.60",1.011336323
2018/11/20,"3,218.41",0.976874279
2018/11/21,"3,226.49",1.002510556
2018/11/22,"3,214.43",0.996262192
2018/11/23,"3,143.48",0.977927657
2018/11/26,"3,141.24",0.999287414
2018/11/27,"3,137.24",0.998726618
2018/11/28,"3,178.93",1.013288751
2018/11/29,"3,137.65",0.987014499
2018/11/30,"3,172.69",1.011167594
2018/12/3,"3,260.95",1.027818665
2018/12/4,"3,267.71",1.002073016
2018/12/5,"3,252.00",0.995192352
2018/12/6,"3,181.67",0.978373309
2018/12/7,"3,181.56",0.999965427
2018/12/10,"3,144.76",0.988433347
2018/12/11,"3,159.82",1.004788919
2018/12/12,"3,170.61",1.003414751
2018/12/13,"3,219.69",1.015479671
2018/12/14,"3,165.91",0.983296529
2018/12/17,"3,161.20",0.998512276
2018/12/18,"3,128.43",0.989633683
2018/12/19,"3,091.13",0.988077087
2018/12/20,"3,067.42",0.992329666
2018/12/21,"3,029.40",0.987605219
2018/12/24,"3,038.20",1.002904866
2018/12/25,"3,017.28",0.993114344
2018/12/26,"3,002.03",0.994945779
2018/12/27,"2,990.51",0.996162597
2018/12/28,"3,010.65",1.006734637
2019/1/2,"2,969.54",0.986345141
2019/1/3,"2,964.84",0.998417263
2019/1/4,"3,035.87",1.023957448
2019/1/7,"3,054.30",1.006070747
2019/1/8,"3,047.70",0.997839112
2019/1/9,"3,078.48",1.010099419
2019/1/10,"3,072.69",0.998119202
2019/1/11,"3,094.78",1.00718914
2019/1/14,"3,067.78",0.991275632
2019/1/15,"3,127.99",1.01962657
2019/1/16,"3,128.65",1.000210998
2019/1/17,"3,111.42",0.994492832
2019/1/18,"3,168.17",1.018239261
2019/1/21,"3,185.64",1.005514224
2019/1/22,"3,143.32",0.986715385
2019/1/23,"3,141.05",0.999277834
2019/1/24,"3,158.78",1.005644609
2019/1/25,"3,184.47",1.008132887
2019/1/28,"3,183.78",0.999783323
2019/1/29,"3,193.97",1.003200598
2019/1/30,"3,168.48",0.992019336
2019/1/31,"3,201.63",1.01046243
2019/2/1,"3,247.40",1.014295843
2019/2/11,"3,306.47",1.018189937
2019/2/12,"3,330.34",1.007219179
2019/2/13,"3,397.03",1.020024982
2019/2/14,"3,402.14",1.001504255
2019/2/15,"3,338.70",0.981352913
2019/2/18,"3,445.74",1.032060383
2019/2/19,"3,439.61",0.998220992
2019/2/20,"3,451.93",1.003581801
2019/2/21,"3,442.71",0.99732903
2019/2/22,"3,520.12",1.022485193
2019/2/25,"3,729.48",1.059475245
2019/2/26,"3,684.69",0.987990283
2019/2/27,"3,678.39",0.998290223
2019/2/28,"3,669.37",0.99754784
2019/3/1,"3,749.71",1.021894767
2019/3/4,"3,794.10",1.011838249
2019/3/5,"3,816.01",1.005774756
2019/3/6,"3,848.09",1.008406687
2019/3/7,"3,808.85",0.989802733
2019/3/8,"3,657.58",0.9602846
2019/3/11,"3,729.95",1.019786307
2019/3/12,"3,755.35",1.006809743
2019/3/13,"3,724.19",0.991702504
2019/3/14,"3,698.49",0.993099171
2019/3/15,"3,745.01",1.012578106
2019/3/18,"3,851.75",1.028501927
2019/3/19,"3,833.96",0.99538132
2019/3/20,"3,835.44",1.000386024
2019/3/21,"3,836.89",1.000378053
2019/3/22,"3,833.80",0.99919466
2019/3/25,"3,742.83",0.976271584
2019/3/26,"3,700.44",0.988674345
2019/3/27,"3,743.39",1.011606728
2019/3/28,"3,728.40",0.995995608
2019/3/29,"3,872.34",1.038606373
2019/4/1,"3,973.93",1.026234783
2019/4/2,"3,971.29",0.99933567
2019/4/3,"4,022.16",1.01280944
2019/4/4,"4,062.23",1.009962309
2019/4/8,"4,057.23",0.998769149
2019/4/9,"4,075.43",1.004485819
2019/4/10,"4,085.85",1.002556785
2019/4/11,"3,997.58",0.978396172
2019/4/12,"3,988.62",0.997758644
2019/4/15,"3,975.52",0.996715656
2019/4/16,"4,085.79",1.027737252
2019/4/17,"4,087.24",1.000354889
2019/4/18,"4,072.08",0.996290896
2019/4/19,"4,120.61",1.011917742
2019/4/22,"4,025.61",0.976945161
2019/4/23,"4,019.01",0.998360497
2019/4/24,"4,030.09",1.002756898
2019/4/25,"3,941.82",0.978097263
2019/4/26,"3,889.27",0.986668595
2019/4/29,"3,900.33",1.002843721
2019/4/30,"3,913.21",1.003302285
2019/5/6,"3,684.62",0.941585041
2019/5/7,"3,720.67",1.009783913
2019/5/8,"3,667.46",0.985698812
2019/5/9,"3,599.70",0.981523998
2019/5/10,"3,730.45",1.036322471
2019/5/13,"3,668.73",0.983455079
2019/5/14,"3,645.15",0.993572708
2019/5/15,"3,727.09",1.022479185
2019/5/16,"3,743.96",1.004526319
2019/5/17,"3,648.76",0.974572378
2019/5/20,"3,617.79",0.991512185
2019/5/21,"3,666.78",1.013541416
2019/5/22,"3,649.38",0.995254692
2019/5/23,"3,583.96",0.982073667
2019/5/24,"3,593.91",1.002776259
2019/5/27,"3,637.20",1.012045377
2019/5/28,"3,672.26",1.009639283
2019/5/29,"3,663.91",0.997726196
2019/5/30,"3,641.18",0.993796245
2019/5/31,"3,629.79",0.996871893
2019/6/3,"3,632.01",1.000611606
2019/6/4,"3,598.47",0.990765444
2019/6/5,"3,597.11",0.999622062
2019/6/6,"3,564.68",0.990984429
2019/6/10,"3,610.74",1.012921216
2019/6/11,"3,719.28",1.03006032
2019/6/12,"3,691.10",0.992423265
2019/6/13,"3,685.39",0.998453036
2019/6/14,"3,654.88",0.991721365
2019/6/17,"3,654.82",0.999983584
2019/6/18,"3,667.62",1.003502224
2019/6/19,"3,715.94",1.013174756
2019/6/20,"3,828.52",1.030296506
2019/6/21,"3,833.94",1.001415691
2019/6/24,"3,841.27",1.001911871
2019/6/25,"3,801.31",0.989597191
2019/6/26,"3,794.33",0.998163791
2019/6/27,"3,834.82",1.010671186
2019/6/28,"3,825.59",0.997593107
2019/7/1,"3,935.81",1.028811242
2019/7/2,"3,937.17",1.000345545
2019/7/3,"3,893.53",0.988915896
2019/7/4,"3,873.10",0.994752834
2019/7/5,"3,893.20",1.005189641
2019/7/8,"3,802.79",0.976777458
2019/7/9,"3,793.13",0.99745976
2019/7/10,"3,786.74",0.998315375
2019/7/11,"3,785.22",0.999598599
2019/7/12,"3,808.73",1.006211
2019/7/15,"3,824.19",1.004059096
2019/7/16,"3,806.84",0.995463092
2019/7/17,"3,804.64",0.999422093
2019/7/18,"3,768.40",0.990474789
2019/7/19,"3,807.96",1.010497824
2019/7/22,"3,781.68",0.993098667
2019/7/23,"3,789.91",1.002176281
2019/7/24,"3,819.83",1.007894647
2019/7/25,"3,851.07",1.008178374
2019/7/26,"3,858.57",1.001947511
2019/7/29,"3,854.27",0.998885598
2019/7/30,"3,870.32",1.004164213
2019/7/31,"3,835.36",0.990967155
2019/8/1,"3,803.47",0.991685266
2019/8/2,"3,747.44",0.985268715
2019/8/5,"3,675.69",0.980853596
2019/8/6,"3,636.33",0.989291806
2019/8/7,"3,621.43",0.995902462
2019/8/8,"3,669.29",1.013215774
2019/8/9,"3,633.53",0.990254245
2019/8/12,"3,699.10",1.018045812
2019/8/13,"3,665.75",0.990984293
2019/8/14,"3,682.40",1.004542045
2019/8/15,"3,694.00",1.003150119
2019/8/16,"3,710.54",1.004477531
2019/8/19,"3,791.09",1.021708431
2019/8/20,"3,787.73",0.999113711
2019/8/21,"3,781.76",0.998423858
2019/8/22,"3,793.51",1.003107019
2019/8/23,"3,820.86",1.007209682
2019/8/26,"3,765.91",0.985618421
2019/8/27,"3,816.95",1.013553165
2019/8/28,"3,802.58",0.996235214
2019/8/29,"3,790.19",0.996741686
2019/8/30,"3,799.59",1.002480087
2019/9/2,"3,848.32",1.012825068
2019/9/3,"3,853.61",1.001374626
2019/9/4,"3,886.00",1.008405106
2019/9/5,"3,925.32",1.010118374
2019/9/6,"3,948.51",1.005907799
2019/9/9,"3,972.95",1.006189677
2019/9/10,"3,959.27",0.996556715
2019/9/11,"3,930.10",0.99263248
2019/9/12,"3,972.38",1.010757996
2019/9/16,"3,957.72",0.996309517
2019/9/17,"3,891.22",0.983197396
2019/9/18,"3,910.08",1.004846809
2019/9/19,"3,924.38",1.003657214
2019/9/20,"3,935.65",1.002871791
2019/9/23,"3,890.66",0.988568597
2019/9/24,"3,901.08",1.002678209
2019/9/25,"3,870.98",0.992284188
2019/9/26,"3,841.14",0.992291358
2019/9/27,"3,852.65",1.002996506
2019/9/30,"3,814.53",0.990105512
2019/10/8,"3,837.68",1.0060689
2019/10/9,"3,843.24",1.001448792
2019/10/10,"3,874.64",1.00817019
2019/10/11,"3,911.73",1.009572502
2019/10/14,"3,953.24",1.010611673
2019/10/15,"3,936.25",0.995702259
2019/10/16,"3,922.69",0.996555097
2019/10/17,"3,925.22",1.000644966
2019/10/18,"3,869.38",0.985774046
2019/10/21,"3,880.84",1.002961715
2019/10/22,"3,895.88",1.00387545
2019/10/23,"3,871.08",0.993634301
2019/10/24,"3,870.67",0.999894086
2019/10/25,"3,896.79",1.006748186
2019/10/28,"3,926.59",1.00764732
2019/10/29,"3,910.23",0.995833535
2019/10/30,"3,891.23",0.995140951
2019/10/31,"3,886.75",0.998848693
2019/11/1,"3,952.39",1.016888146
2019/11/4,"3,978.12",1.006509985
2019/11/5,"4,002.81",1.006206449
2019/11/6,"3,984.88",0.995520647
2019/11/7,"3,991.87",1.001754131
2019/11/8,"3,973.01",0.995275397
2019/11/11,"3,902.98",0.982373566
2019/11/12,"3,903.69",1.000181912
2019/11/13,"3,899.98",0.999049617
2019/11/14,"3,905.86",1.0015077
2019/11/15,"3,877.09",0.992634145
2019/11/18,"3,907.93",1.007954419
2019/11/19,"3,947.04",1.010007856
2019/11/20,"3,907.86",0.990073574
2019/11/21,"3,889.60",0.995327366
2019/11/22,"3,849.99",0.989816434
2019/11/25,"3,878.21",1.007329889
2019/11/26,"3,891.65",1.003465516
2019/11/27,"3,875.62",0.995880925
2019/11/28,"3,862.30",0.996563131
2019/11/29,"3,828.67",0.991292753
2019/12/2,"3,836.06",1.001930174
2019/12/3,"3,851.09",1.003918083
2019/12/4,"3,849.82",0.999670223
2019/12/5,"3,879.36",1.007673086
2019/12/6,"3,902.39",1.005936546
2019/12/9,"3,895.45",0.998221603
2019/12/10,"3,900.38",1.001265579
2019/12/11,"3,902.75",1.000607633
2019/12/12,"3,891.02",0.996994427
2019/12/13,"3,968.22",1.019840556
2019/12/16,"3,987.55",1.004871202
2019/12/17,"4,041.80",1.013604845
2019/12/18,"4,032.78",0.997768321
2019/12/19,"4,027.15",0.998603941
2019/12/20,"4,017.25",0.997541686
2019/12/23,"3,967.10",0.987516336
2019/12/24,"3,992.96",1.006518616
2019/12/25,"3,990.87",0.999476579
2019/12/26,"4,025.99",1.008800086
2019/12/27,"4,022.03",0.999016391
2019/12/30,"4,081.63",1.014818388
2019/12/31,"4,096.58",1.003662752
2020/1/2,"4,152.24",1.013586943
2020/1/3,"4,144.96",0.998246729
2020/1/6,"4,129.30",0.996221918
2020/1/7,"4,160.23",1.007490374
2020/1/8,"4,112.32",0.98848381
2020/1/9,"4,164.37",1.012657089
2020/1/10,"4,163.18",0.999714242
2020/1/13,"4,203.99",1.009802603
2020/1/14,"4,189.89",0.996646043
2020/1/15,"4,166.73",0.994472409
2020/1/16,"4,149.04",0.995754465
2020/1/17,"4,154.85",1.001400324
2020/1/20,"4,185.83",1.007456346
2020/1/21,"4,114.31",0.982913783
2020/1/22,"4,131.93",1.004282614
2020/1/23,"4,003.90",0.96901448
2020/2/3,"3,688.36",0.921191838
2020/2/4,"3,785.64",1.026374866
2020/2/5,"3,828.53",1.011329656
2020/2/6,"3,899.78",1.018610276
2020/2/7,"3,899.87",1.000023078
2020/2/10,"3,916.01",1.004138599
2020/2/11,"3,952.46",1.009307944
2020/2/12,"3,984.43",1.008088633
2020/2/13,"3,959.92",0.993848556
2020/2/14,"3,987.73",1.007022869
2020/2/17,"4,077.42",1.022491493
2020/2/18,"4,057.51",0.99511701
2020/2/19,"4,051.31",0.998471969
2020/2/20,"4,144.66",1.02304193
2020/2/21,"4,149.49",1.001165355
2020/2/24,"4,132.84",0.995987459
2020/2/25,"4,123.85",0.99782474
2020/2/26,"4,073.02",0.987674139
2020/2/27,"4,084.88",1.002911844
2020/2/28,"3,940.05",0.964544858
2020/3/2,"4,069.67",1.03289806
2020/3/3,"4,091.36",1.00532967
2020/3/4,"4,115.05",1.005790251
2020/3/5,"4,206.73",1.022279195
2020/3/6,"4,138.51",0.983783128
2020/3/9,"3,997.13",0.965837947
2020/3/10,"4,082.73",1.021415366
2020/3/11,"4,028.43",0.986700076
2020/3/12,"3,950.91",0.980756771
2020/3/13,"3,895.31",0.985927293
2020/3/16,"3,727.84",0.957007273
2020/3/17,"3,709.68",0.995128546
2020/3/18,"3,636.26",0.980208536
2020/3/19,"3,589.09",0.98702788
2020/3/20,"3,653.22",1.017868039
2020/3/23,"3,530.31",0.966355708
2020/3/24,"3,625.11",1.026853166
2020/3/25,"3,722.52",1.026870909
2020/3/26,"3,698.05",0.993426496
2020/3/27,"3,710.06",1.003247658
2020/3/30,"3,674.11",0.99031013
2020/3/31,"3,686.16",1.003279706
2020/4/1,"3,675.08",0.996994162
2020/4/2,"3,734.53",1.016176519
2020/4/3,"3,713.22",0.994293793
2020/4/7,"3,798.02",1.022837322
2020/4/8,"3,780.34",0.995344943
2020/4/9,"3,792.81",1.003298645
2020/4/10,"3,769.18",0.993769791
2020/4/13,"3,753.26",0.99577627
2020/4/14,"3,825.70",1.019300555
2020/4/15,"3,797.36",0.992592205
2020/4/16,"3,802.38",1.001321971
2020/4/17,"3,839.49",1.009759677
2020/4/20,"3,853.46",1.003638504
2020/4/21,"3,808.05",0.988215785
2020/4/22,"3,839.38",1.008227308
2020/4/23,"3,829.75",0.997491783
2020/4/24,"3,796.97",0.991440695
2020/4/27,"3,822.77",1.006794892
2020/4/28,"3,849.15",1.006900755
2020/4/29,"3,867.03",1.004645181
2020/4/30,"3,912.58",1.011779066
2020/5/6,"3,936.25",1.006049717
2020/5/7,"3,924.89",0.997114004
2020/5/8,"3,963.62",1.009867792
2020/5/11,"3,960.18",0.999132107
2020/5/12,"3,960.24",1.000015151
2020/5/13,"3,968.25",1.002022605
2020/5/14,"3,925.22",0.989156429
2020/5/15,"3,912.82",0.996840941
2020/5/18,"3,922.91",1.002578703
2020/5/19,"3,956.25",1.008498793
2020/5/20,"3,935.22",0.99468436
2020/5/21,"3,913.79",0.994554307
2020/5/22,"3,824.06",0.977073374
2020/5/25,"3,829.32",1.001375501
2020/5/26,"3,872.77",1.011346662
2020/5/27,"3,845.61",0.992986932
2020/5/28,"3,856.63",1.002865605
2020/5/29,"3,867.02",1.002694062
2020/6/1,"3,971.34",1.026976845
2020/6/2,"3,983.57",1.003079565
2020/6/3,"3,983.65",1.000020083
2020/6/4,"3,982.19",0.999633502
2020/6/5,"4,001.25",1.004786311
2020/6/8,"4,021.95",1.005173383
2020/6/9,"4,047.03",1.006235781
2020/6/10,"4,039.71",0.998191266
2020/6/11,"3,995.88",0.989150211
2020/6/12,"4,003.08",1.001801856
2020/6/15,"3,954.99",0.98798675
2020/6/16,"4,014.57",1.015064513
2020/6/17,"4,017.59",1.00075226
2020/6/18,"4,044.38",1.006668177
2020/6/19,"4,098.71",1.013433456
2020/6/22,"4,102.05",1.000814891
2020/6/23,"4,121.79",1.004812228
2020/6/24,"4,138.99",1.004172944
2020/6/29,"4,109.72",0.992928226
2020/6/30,"4,163.96",1.013197979
2020/7/1,"4,247.78",1.020129876
2020/7/2,"4,335.84",1.020730829
2020/7/3,"4,419.60",1.019318056
2020/7/6,"4,670.09",1.056677075
2020/7/7,"4,698.13",1.006004167
2020/7/8,"4,774.00",1.016148978
2020/7/9,"4,840.77",1.013986175
2020/7/10,"4,753.13",0.981895442
2020/7/13,"4,852.96",1.021003002
2020/7/14,"4,806.69",0.990465613
2020/7/15,"4,744.47",0.987055541
2020/7/16,"4,516.25",0.951897683
2020/7/17,"4,544.70",1.006299474
2020/7/20,"4,680.30",1.029836953
2020/7/21,"4,691.04",1.002294725
2020/7/22,"4,714.45",1.004990365
2020/7/23,"4,712.44",0.999573651
2020/7/24,"4,505.59",0.956105542
2020/7/27,"4,528.45",1.005073697
2020/7/28,"4,568.26",1.008791087
2020/7/29,"4,679.01",1.024243366
2020/7/30,"4,656.15",0.995114351
2020/7/31,"4,695.05",1.008354542
2020/8/3,"4,771.31",1.016242639
2020/8/4,"4,775.80",1.000941041
2020/8/5,"4,777.11",1.0002743
2020/8/6,"4,762.76",0.996996092
2020/8/7,"4,707.93",0.988487768
2020/8/10,"4,724.87",1.003598184
2020/8/11,"4,681.78",0.990880172
2020/8/12,"4,647.64",0.992707902
2020/8/13,"4,635.71",0.997433106
2020/8/14,"4,704.63",1.014867194
2020/8/17,"4,815.23",1.023508756
2020/8/18,"4,812.76",0.999487044
2020/8/19,"4,740.68",0.985023147
2020/8/20,"4,679.15",0.987020849
2020/8/21,"4,718.84",1.00848231
2020/8/24,"4,755.85",1.007843029
2020/8/25,"4,761.95",1.001282631
2020/8/26,"4,706.13",0.988277911
2020/8/27,"4,731.35",1.005358968
2020/8/28,"4,844.27",1.023866338
2020/8/31,"4,816.22",0.994209654
2020/9/1,"4,842.12",1.005377661
2020/9/2,"4,843.89",1.000365542
2020/9/3,"4,817.10",0.994469321
2020/9/4,"4,770.22",0.990268004
2020/9/7,"4,669.37",0.978858417
2020/9/8,"4,694.39",1.005358325
2020/9/9,"4,584.59",0.97661038
2020/9/10,"4,581.98",0.999430702
2020/9/11,"4,627.28",1.009886556
2020/9/14,"4,651.05",1.005136927
2020/9/15,"4,688.48",1.008047645
2020/9/16,"4,657.36",0.993362454
2020/9/17,"4,632.71",0.994707302
2020/9/18,"4,737.09",1.022531089
2020/9/21,"4,691.43",0.990361171
2020/9/22,"4,635.76",0.988133682
2020/9/23,"4,652.33",1.003574387
2020/9/24,"4,563.07",0.980813915
2020/9/25,"4,570.02",1.001523097
2020/9/28,"4,581.91",1.002601739
2020/9/29,"4,591.80",1.002158488
2020/9/30,"4,587.40",0.99904177
2020/10/9,"4,681.14",1.020434233
2020/10/12,"4,823.16",1.030338764
2020/10/13,"4,839.20",1.003325621
2020/10/14,"4,807.10",0.993366672
2020/10/15,"4,798.74",0.998260906
2020/10/16,"4,791.68",0.99852878
2020/10/19,"4,755.49",0.992447325
2020/10/20,"4,793.47",1.007986559
2020/10/21,"4,792.83",0.999866485
2020/10/22,"4,777.98",0.996901622
2020/10/23,"4,718.49",0.987549132
2020/10/26,"4,691.24",0.994224847
2020/10/27,"4,699.28",1.001713833
2020/10/28,"4,737.27",1.008084217
2020/10/29,"4,772.92",1.007525431
2020/10/30,"4,695.33",0.983743704
2020/11/2,"4,720.83",1.005430928
2020/11/3,"4,777.56",1.012016955
2020/11/4,"4,813.66",1.007556158
2020/11/5,"4,885.11",1.014843175
2020/11/6,"4,885.72",1.000124869
2020/11/9,"4,981.35",1.019573369
2020/11/10,"4,953.88",0.994485431
2020/11/11,"4,904.90",0.9901128
2020/11/12,"4,908.46",1.000725805
2020/11/13,"4,856.85",0.989485501
2020/11/16,"4,904.17",1.00974294
2020/11/17,"4,894.79",0.998087342
2020/11/18,"4,891.67",0.999362588
2020/11/19,"4,927.99",1.007424867
2020/11/20,"4,943.29",1.003104714
2020/11/23,"5,005.03",1.012489658
2020/11/24,"4,974.29",0.993858179
2020/11/25,"4,910.70",0.987216266
2020/11/26,"4,919.59",1.001810333
2020/11/27,"4,980.77",1.012435996
2020/11/30,"4,960.25",0.995880155
2020/12/1,"5,067.10",1.021541253
2020/12/2,"5,067.14",1.000007894
2020/12/3,"5,057.06",0.998010712
2020/12/4,"5,065.92",1.001752006
2020/12/7,"5,022.24",0.991377677
2020/12/8,"5,009.88",0.997538947
2020/12/9,"4,942.70",0.986590497
2020/12/10,"4,940.52",0.999558946
2020/12/11,"4,889.63",0.989699465
2020/12/14,"4,934.84",1.009246098
2020/12/15,"4,945.10",1.002079095
2020/12/16,"4,953.87",1.001773473
2020/12/17,"5,017.48",1.012840466
2020/12/18,"4,999.97",0.9965102
2020/12/21,"5,046.84",1.009374056
2020/12/22,"4,964.77",0.983738339
2020/12/23,"5,007.12",1.008530103
2020/12/24,"5,000.02",0.998582019
2020/12/25,"5,042.01",1.008397966
2020/12/28,"5,064.41",1.004442673
2020/12/29,"5,042.94",0.995760612
2020/12/30,"5,113.71",1.01403348
2020/12/31,"5,211.29",1.019082036
2021/1/4,"5,267.72",1.010828413
2021/1/5,"5,368.50",1.019131617
2021/1/6,"5,417.67",1.009158983
2021/1/7,"5,513.66",1.017717949
2021/1/8,"5,495.43",0.996693666
2021/1/11,"5,441.16",0.990124522
2021/1/12,"5,596.35",1.028521492
2021/1/13,"5,577.97",0.996715716
2021/1/14,"5,470.46",0.980725963
2021/1/15,"5,458.08",0.997736936
2021/1/18,"5,518.52",1.011073491
2021/1/19,"5,437.52",0.985322152
2021/1/20,"5,476.43",1.007155836
2021/1/21,"5,564.97",1.016167467
2021/1/22,"5,569.78",1.000864335
2021/1/25,"5,625.92",1.010079393
2021/1/26,"5,512.97",0.979923284
2021/1/27,"5,528.00",1.002726298
2021/1/28,"5,377.14",0.972709841
2021/1/29,"5,351.96",0.995317213
2021/2/1,"5,417.65",1.012274008
2021/2/2,"5,501.09",1.015401512
2021/2/3,"5,485.20",0.997111482
2021/2/4,"5,473.95",0.997949026
2021/2/5,"5,483.41",1.001728185
2021/2/8,"5,564.56",1.014799185
2021/2/9,"5,686.25",1.021868755
2021/2/10,"5,807.72",1.021362058
2021/2/18,"5,768.38",0.993226257
2021/2/19,"5,778.84",1.001813334
2021/2/22,"5,597.33",0.968590582
2021/2/23,"5,579.67",0.996844924
2021/2/24,"5,437.57",0.974532544
2021/2/25,"5,469.56",1.005883143
2021/2/26,"5,336.76",0.975720168
2021/3/1,"5,418.78",1.015368875
2021/3/2,"5,349.63",0.987238825
2021/3/3,"5,452.21",1.019175158
2021/3/4,"5,280.71",0.968544865
2021/3/5,"5,262.80",0.996608411
2021/3/8,"5,080.02",0.965269438
2021/3/9,"4,971.00",0.978539455
2021/3/10,"5,003.61",1.006560048
2021/3/11,"5,128.22",1.024904019
2021/3/12,"5,146.38",1.00354119
2021/3/15,"5,035.54",0.978462531
2021/3/16,"5,079.36",1.008702145
2021/3/17,"5,100.86",1.004232817
2021/3/18,"5,141.77",1.008020216
2021/3/19,"5,007.09",0.973806685
2021/3/22,"5,057.15",1.009997823
2021/3/23,"5,009.25",0.990528262
2021/3/24,"4,928.69",0.983917752
2021/3/25,"4,926.35",0.999525229
2021/3/26,"5,037.99",1.022661808
2021/3/29,"5,046.88",1.001764593
2021/3/30,"5,094.73",1.009481105
2021/3/31,"5,048.36",0.990898438
2021/4/1,"5,110.78",1.012364411
2021/4/2,"5,161.56",1.009935861
2021/4/6,"5,140.34",0.99588884
2021/4/7,"5,103.74",0.992879848
2021/4/8,"5,112.21",1.001659567
2021/4/9,"5,035.34",0.98496345
2021/4/12,"4,947.75",0.982604948
2021/4/13,"4,939.64",0.998360871
2021/4/14,"4,980.63",1.008298176
2021/4/15,"4,948.97",0.993643374
2021/4/16,"4,966.18",1.003477491
2021/4/19,"5,087.02",1.024332586
2021/4/20,"5,083.37",0.999282488
2021/4/21,"5,098.74",1.003023585
2021/4/22,"5,089.24",0.998136795
2021/4/23,"5,135.45",1.009079941
2021/4/26,"5,077.24",0.988665063
2021/4/27,"5,090.52",1.002615594
2021/4/28,"5,119.24",1.00564186
2021/4/29,"5,164.17",1.008776693
2021/4/30,"5,123.49",0.992122645
2021/5/6,"5,061.12",0.987826657
2021/5/7,"4,996.05",0.987143162
2021/5/10,"4,992.42",0.999273426
2021/5/11,"5,023.06",1.006137304
2021/5/12,"5,044.55",1.004278269
2021/5/13,"4,992.97",0.989775104
2021/5/14,"5,110.59",1.023557121
2021/5/17,"5,184.99",1.014558006
2021/5/18,"5,187.60",1.000503376
2021/5/19,"5,172.27",0.997044876
2021/5/20,"5,186.41",1.002733809
2021/5/21,"5,134.15",0.989923666
2021/5/24,"5,155.59",1.004175959
2021/5/25,"5,318.48",1.031594832
2021/5/26,"5,320.59",1.00039673
2021/5/27,"5,338.23",1.003315422
2021/5/28,"5,321.09",0.996789198
2021/5/31,"5,331.57",1.001969521
2021/6/1,"5,341.68",1.001896252
2021/6/2,"5,289.97",0.990319525
2021/6/3,"5,255.29",0.993444197
2021/6/4,"5,282.28",1.005135777
2021/6/7,"5,277.63",0.999119698
2021/6/8,"5,232.12",0.991376811
2021/6/9,"5,236.45",1.00082758
2021/6/10,"5,271.47",1.006687737
2021/6/11,"5,224.70",0.991127712
2021/6/15,"5,166.56",0.988872088
2021/6/16,"5,080.49",0.983340946
2021/6/17,"5,101.89",1.004212192
2021/6/18,"5,102.47",1.000113683
2021/6/21,"5,090.39",0.997632519
2021/6/22,"5,122.16",1.006241172
2021/6/23,"5,147.39",1.004925656
2021/6/24,"5,155.97",1.001666864
2021/6/25,"5,239.97",1.016291794
2021/6/28,"5,251.76",1.002250013
2021/6/29,"5,190.54",0.988342956
2021/6/30,"5,224.04",1.006454049
2021/7/1,"5,229.66",1.001075796
2021/7/2,"5,081.12",0.971596624
2021/7/5,"5,085.79",1.000919089
2021/7/6,"5,083.10",0.999471075
2021/7/7,"5,140.49",1.011290354
2021/7/8,"5,088.26",0.98983949
2021/7/9,"5,069.44",0.99630129
2021/7/12,"5,132.71",1.012480668
2021/7/13,"5,142.10",1.001829443
2021/7/14,"5,083.08",0.988522199
2021/7/15,"5,151.46",1.013452474
2021/7/16,"5,094.77",0.988995353
2021/7/19,"5,113.49",1.003674356
2021/7/20,"5,108.99",0.999119975
2021/7/21,"5,144.04",1.006860456
2021/7/22,"5,151.75",1.001498822
2021/7/23,"5,089.23",0.987864318
2021/7/26,"4,925.30",0.96778884
2021/7/27,"4,751.31",0.964674233
2021/7/28,"4,760.48",1.001929994
2021/7/29,"4,850.27",1.018861543
2021/7/30,"4,811.17",0.991938593
2021/8/2,"4,933.74",1.025476132
2021/8/3,"4,934.46",1.000145934
2021/8/4,"4,978.85",1.008995918
2021/8/5,"4,948.67",0.993938359
2021/8/6,"4,921.56",0.99452176
2021/8/9,"4,985.56",1.013004007
2021/8/10,"5,043.15",1.01155136
2021/8/11,"5,015.34",0.994485589
2021/8/12,"4,973.35",0.991627686
2021/8/13,"4,945.98",0.994496667
2021/8/16,"4,941.07",0.999007275
2021/8/17,"4,837.40",0.979018715
2021/8/18,"4,894.24",1.011750114
2021/8/19,"4,862.14",0.99344127
2021/8/20,"4,769.27",0.980899357
2021/8/23,"4,835.88",1.013966498
2021/8/24,"4,888.39",1.010858417
2021/8/25,"4,898.16",1.001998613
2021/8/26,"4,801.61",0.980288517
2021/8/27,"4,827.04",1.00529614
2021/8/30,"4,813.27",0.99714732
2021/8/31,"4,805.61",0.998408566
2021/9/1,"4,869.46",1.013286555
2021/9/2,"4,869.41",0.999989732
2021/9/3,"4,843.06",0.994588667
2021/9/6,"4,933.73",1.018721635
2021/9/7,"4,992.83",1.011978767
2021/9/8,"4,972.13",0.995854055
2021/9/9,"4,970.01",0.999573623
2021/9/10,"5,013.52",1.00875451
2021/9/13,"4,991.66",0.99563979
2021/9/14,"4,917.16",0.985075105
2021/9/15,"4,867.32",0.989864068
2021/9/16,"4,807.70",0.987750959
2021/9/17,"4,855.94",1.010033904
2021/9/22,"4,821.77",0.992963257
2021/9/23,"4,853.20",1.006518353
2021/9/24,"4,849.43",0.999223193
2021/9/27,"4,877.37",1.005761502
2021/9/28,"4,883.83",1.001324484
2021/9/29,"4,833.93",0.989782609
2021/9/30,"4,866.38",1.006712964
2021/10/8,"4,929.94",1.013061043
2021/10/11,"4,936.19",1.001267764
2021/10/12,"4,883.84",0.989394655
2021/10/13,"4,940.11",1.011521671
2021/10/14,"4,913.61",0.994635747
2021/10/15,"4,932.11",1.003765053
2021/10/18,"4,874.78",0.988376172
2021/10/19,"4,922.72",1.00983429
2021/10/20,"4,910.18",0.997452628
2021/10/21,"4,928.02",1.003633268
2021/10/22,"4,959.73",1.006434633
2021/10/25,"4,979.52",1.003990137
2021/10/26,"4,963.10",0.996702493
2021/10/27,"4,898.16",0.986915436
2021/10/28,"4,864.14",0.993054535
2021/10/29,"4,908.77",1.009175312
2021/11/1,"4,890.69",0.996316796
2021/11/2,"4,839.85",0.989604739
2021/11/3,"4,821.11",0.996127979
2021/11/4,"4,868.74",1.009879468
2021/11/5,"4,842.35",0.994579706
2021/11/8,"4,848.18",1.001203961
2021/11/9,"4,846.74",0.999702981
2021/11/10,"4,821.19",0.994728415
2021/11/11,"4,898.65",1.016066573
2021/11/12,"4,888.37",0.997901463
2021/11/15,"4,882.38",0.998774643
2021/11/16,"4,883.32",1.000192529
2021/11/17,"4,885.75",1.000497612
2021/11/18,"4,837.62",0.990148902
2021/11/19,"4,890.06",1.010840041
2021/11/22,"4,912.40",1.004568451
2021/11/23,"4,913.35",1.000193388
2021/11/24,"4,916.66",1.000673675
2021/11/25,"4,896.44",0.995887452
2021/11/26,"4,860.13",0.992584408
2021/11/29,"4,851.42",0.998207867
2021/11/30,"4,832.03",0.996003232
2021/12/1,"4,843.85",1.002446177
2021/12/2,"4,856.16",1.002541367
2021/12/3,"4,901.02",1.009237752
2021/12/6,"4,892.62",0.998286071
2021/12/7,"4,922.10",1.006025402
2021/12/8,"4,995.93",1.014999695
2021/12/9,"5,078.69",1.016565484
2021/12/10,"5,055.12",0.995359039
2021/12/13,"5,083.80",1.005673456
2021/12/14,"5,049.70",0.993292419
2021/12/15,"5,005.90",0.991326217
2021/12/16,"5,034.73",1.005759204
2021/12/17,"4,954.76",0.984116328
2021/12/20,"4,880.42",0.984996246
2021/12/21,"4,913.49",1.006776056
2021/12/22,"4,914.45",1.00019538
2021/12/23,"4,948.74",1.006977383
2021/12/24,"4,921.34",0.994463237
2021/12/27,"4,919.32",0.999589543
2021/12/28,"4,955.96",1.007448184
2021/12/29,"4,883.48",0.985375185
2021/12/30,"4,921.51",1.007787479
2021/12/31,"4,940.37",1.003832157
2022/1/4,"4,917.77",0.995425444
2022/1/5,"4,868.12",0.989903961
2022/1/6,"4,818.23",0.989751691
2022/1/7,"4,822.37",1.000859237
2022/1/10,"4,844.05",1.004495715
2022/1/11,"4,797.77",0.990446011
2022/1/12,"4,845.58",1.009965046
2022/1/13,"4,765.92",0.983560276
2022/1/14,"4,726.73",0.991777034
2022/1/17,"4,767.28",1.00857887
2022/1/18,"4,813.35",1.009663792
2022/1/19,"4,780.38",0.993150301
2022/1/20,"4,823.51",1.009022295
2022/1/21,"4,779.31",0.990836548
2022/1/24,"4,786.74",1.001554618
2022/1/25,"4,678.45",0.977377088
2022/1/26,"4,712.31",1.00723744
2022/1/27,"4,619.88",0.980385416
2022/1/28,"4,563.77",0.987854663
2022/2/7,"4,634.09",1.015408314
2022/2/8,"4,608.77",0.994536144
2022/2/9,"4,652.06",1.009392962
2022/2/10,"4,639.86",0.997377506
2022/2/11,"4,601.40",0.991710957
2022/2/14,"4,551.69",0.989196766
2022/2/15,"4,600.10",1.01063561
2022/2/16,"4,617.99",1.003889046
2022/2/17,"4,629.16",1.002418801
2022/2/18,"4,651.24",1.004769764
2022/2/21,"4,634.31",0.99636011
2022/2/22,"4,574.15",0.987018564
2022/2/23,"4,623.05",1.010690511
2022/2/24,"4,529.32",0.979725506
2022/2/25,"4,573.42",1.009736561
2022/2/28,"4,581.65",1.001799529
2022/3/1,"4,619.69",1.008302686
2022/3/2,"4,578.60",0.991105464
2022/3/3,"4,551.63",0.994109553
2022/3/4,"4,496.43",0.987872476
2022/3/7,"4,352.78",0.968052433
2022/3/8,"4,265.39",0.979923176
2022/3/9,"4,226.35",0.990847261
2022/3/10,"4,292.84",1.015732251
2022/3/11,"4,306.52",1.003186702
2022/3/14,"4,174.76",0.969404531
2022/3/15,"3,983.81",0.954260844
2022/3/16,"4,156.08",1.043242524
2022/3/17,"4,237.70",1.019638698
2022/3/18,"4,265.90",1.006654553
2022/3/21,"4,258.75",0.998323918
2022/3/22,"4,255.30",0.999189903
2022/3/23,"4,276.52",1.004986722
2022/3/24,"4,251.31",0.99410502
2022/3/25,"4,174.57",0.981949093
2022/3/28,"4,148.47",0.993747859
2022/3/29,"4,134.14",0.996545714
2022/3/30,"4,254.10",1.029016918
2022/3/31,"4,222.60",0.992595379
2022/4/1,"4,276.16",1.012684128
2022/4/6,"4,263.84",0.99711891
2022/4/7,"4,209.10",0.987161807
2022/4/8,"4,230.77",1.005148369
2022/4/11,"4,100.07",0.969107278
2022/4/12,"4,179.97",1.019487472
2022/4/13,"4,139.74",0.990375529
2022/4/14,"4,191.57",1.01252011
2022/4/15,"4,188.75",0.999327221
2022/4/18,"4,166.38",0.994659505
2022/4/19,"4,134.90",0.99244428
2022/4/20,"4,070.79",0.984495393
2022/4/21,"3,995.83",0.981585884
2022/4/22,"4,013.25",1.004359545
2022/4/25,"3,814.91",0.950578708
2022/4/26,"3,784.12",0.991929036
2022/4/27,"3,895.54",1.029444098
2022/4/28,"3,921.11",1.006563917
2022/4/29,"4,016.24",1.024260987
2022/5/5,"4,010.21",0.998498596
2022/5/6,"3,908.82",0.974717035
2022/5/9,"3,877.44",0.991972002
2022/5/10,"3,919.87",1.010942787
2022/5/11,"3,976.42",1.014426499
2022/5/12,"3,958.74",0.99555379
2022/5/13,"3,988.60",1.007542804
2022/5/16,"3,956.54",0.991962092
2022/5/17,"4,005.89",1.012473019
2022/5/18,"3,991.91",0.996510139
2022/5/19,"3,999.60",1.001926396
2022/5/20,"4,077.60",1.01950195
2022/5/23,"4,053.98",0.994207377
2022/5/24,"3,959.15",0.976608173
2022/5/25,"3,983.18",1.006069485
2022/5/26,"3,993.04",1.002475409
2022/5/27,"4,001.30",1.002068599
2022/5/30,"4,029.02",1.006927748
2022/5/31,"4,091.52",1.015512457
2022/6/1,"4,083.18",0.997961638
2022/6/2,"4,089.57",1.001564957
2022/6/6,"4,166.09",1.018711014
2022/6/7,"4,179.13",1.003130033
2022/6/8,"4,219.81",1.009734083
2022/6/9,"4,175.67",0.989539813
2022/6/10,"4,238.99",1.015164034
2022/6/13,"4,189.35",0.988289663
2022/6/14,"4,222.31",1.007867569
2022/6/15,"4,278.22",1.013241567
2022/6/16,"4,250.06",0.993417823
2022/6/17,"4,309.04",1.013877451
2022/6/20,"4,330.43",1.004963983
2022/6/21,"4,325.57",0.99887771
2022/6/22,"4,270.62",0.987296472
2022/6/23,"4,343.88",1.017154418
2022/6/24,"4,394.77",1.011715333
2022/6/27,"4,444.26",1.011261113
2022/6/28,"4,490.52",1.010408932
2022/6/29,"4,421.36",0.984598666
2022/6/30,"4,485.01",1.014396023
2022/7/1,"4,466.72",0.995921971
2022/7/4,"4,496.03",1.006561862
2022/7/5,"4,489.54",0.998556504
2022/7/6,"4,423.97",0.98539494
2022/7/7,"4,443.47",1.004407806
2022/7/8,"4,428.78",0.996694025
2022/7/11,"4,354.62",0.983254982
2022/7/12,"4,313.62",0.990584712
2022/7/13,"4,321.46",1.001817499
2022/7/14,"4,322.07",1.000141156
2022/7/15,"4,248.53",0.982985005
2022/7/18,"4,292.59",1.010370646
2022/7/19,"4,269.34",0.99458369
2022/7/20,"4,283.80",1.00338694
2022/7/21,"4,236.06",0.988855689
2022/7/22,"4,238.23",1.000512268
2022/7/25,"4,212.64",0.993962102
2022/7/26,"4,245.98",1.007914277
2022/7/27,"4,225.04",0.995068276
2022/7/28,"4,225.67",1.000149111
2022/7/29,"4,170.10",0.986849423
2022/8/1,"4,188.68",1.004455529
2022/8/2,"4,107.02",0.980504598
2022/8/3,"4,066.98",0.990250839
2022/8/4,"4,101.54",1.008497706
2022/8/5,"4,156.91",1.013499807
2022/8/8,"4,148.07",0.99787342
2022/8/9,"4,156.29",1.001981644
2022/8/10,"4,109.74",0.988800108
2022/8/11,"4,193.54",1.020390584
2022/8/12,"4,191.15",0.999430076
2022/8/15,"4,185.68",0.998694869
2022/8/16,"4,177.84",0.998126947
2022/8/17,"4,216.96",1.00936369
2022/8/18,"4,180.10",0.991259106
2022/8/19,"4,151.07",0.99305519
2022/8/22,"4,181.40",1.00730655
2022/8/23,"4,161.08",0.995140384
2022/8/24,"4,082.42",0.981096254
2022/8/25,"4,116.24",1.008284302
2022/8/26,"4,107.55",0.99788885
2022/8/29,"4,089.52",0.995610522
2022/8/30,"4,075.79",0.996642638
2022/8/31,"4,078.84",1.000748321
2022/9/1,"4,043.74",0.991394612
2022/9/2,"4,023.61",0.995021935
2022/9/5,"4,015.43",0.997967
2022/9/6,"4,052.28",1.009177099
2022/9/7,"4,054.98",1.000666292
2022/9/8,"4,037.68",0.995733641
2022/9/9,"4,093.79",1.013896594
2022/9/13,"4,111.11",1.004230798
2022/9/14,"4,065.36",0.988871619
2022/9/15,"4,027.12",0.990593699
2022/9/16,"3,932.68",0.976548998
2022/9/19,"3,928.00",0.998809972
2022/9/20,"3,932.84",1.001232179
2022/9/21,"3,903.73",0.992598224
2022/9/22,"3,869.34",0.991190477
2022/9/23,"3,856.02",0.996557552
2022/9/26,"3,836.68",0.994984466
2022/9/27,"3,892.30",1.014496909
2022/9/28,"3,828.71",0.983662616
2022/9/29,"3,827.14",0.99958994
2022/9/30,"3,804.89",0.994186259
2022/10/10,"3,720.94",0.977936287
2022/10/11,"3,727.69",1.001814058
2022/10/12,"3,784.31",1.015189031
2022/10/13,"3,752.67",0.991639163
2022/10/14,"3,842.47",1.023929629
2022/10/17,"3,846.41",1.001025382
2022/10/18,"3,838.27",0.997883741
2022/10/19,"3,776.53",0.983914628
2022/10/20,"3,754.93",0.994280464
2022/10/21,"3,742.89",0.996793549
2022/10/24,"3,633.37",0.970739188
2022/10/25,"3,627.45",0.998370659
2022/10/26,"3,656.90",1.008118651
2022/10/27,"3,631.14",0.992955782
2022/10/28,"3,541.33",0.975266721
2022/10/31,"3,508.70",0.990785948
2022/11/1,"3,634.17",1.035759683
2022/11/2,"3,677.81",1.012008244
2022/11/3,"3,647.90",0.991867443
2022/11/4,"3,767.17",1.032695523
2022/11/7,"3,775.30",1.002158119
2022/11/8,"3,749.33",0.993121076
2022/11/9,"3,714.27",0.990648996
2022/11/10,"3,685.69",0.992305352
2022/11/11,"3,788.44",1.027878091
2022/11/14,"3,794.02",1.001472902
2022/11/15,"3,865.97",1.018964054
2022/11/16,"3,834.39",0.991831287
2022/11/17,"3,818.66",0.995897653
2022/11/18,"3,801.57",0.995524608
2022/11/21,"3,769.13",0.991466684
2022/11/22,"3,769.57",1.000116738
2022/11/23,"3,773.53",1.001050518
2022/11/24,"3,756.81",0.995569136
2022/11/25,"3,775.78",1.005049497
2022/11/28,"3,733.24",0.988733454
2022/11/29,"3,848.42",1.030852557
2022/11/30,"3,853.04",1.001200493
2022/12/1,"3,894.77",1.010830409
2022/12/2,"3,870.95",0.993884106
2022/12/5,"3,946.88",1.01961534
2022/12/6,"3,968.20",1.005401735
2022/12/7,"3,958.44",0.997540447
2022/12/8,"3,959.18",1.000186942
2022/12/9,"3,998.24",1.009865679
2022/12/12,"3,953.44",0.98879507
2022/12/13,"3,945.68",0.998037152
2022/12/14,"3,954.89",1.002334198
2022/12/15,"3,951.99",0.999266731
2022/12/16,"3,954.23",1.000566803
2022/12/19,"3,893.22",0.984570953
2022/12/20,"3,829.02",0.983509794
2022/12/21,"3,830.54",1.000396968
2022/12/22,"3,836.03",1.001433218
2022/12/23,"3,828.22",0.997964041
2022/12/26,"3,843.49",1.003988799
2022/12/27,"3,887.85",1.011541594
2022/12/28,"3,871.26",0.99573286
2022/12/29,"3,856.70",0.996238951
2022/12/30,"3,871.63",1.003871185
