time,price,return
2013-01-04,28.78,0.984604858
2013-01-07,29.13,1.012161223
2013-01-08,30.22,1.037418469
2013-01-09,31.24,1.033752482
2013-01-10,30.89,0.988796415
2013-01-11,29.62,0.958886371
2013-01-14,30.54,1.031060095
2013-01-15,31.19,1.021283563
2013-01-16,30.96,0.992625842
2013-01-17,30.76,0.993540052
2013-01-18,30.81,1.001625488
2013-01-21,30.64,0.994482311
2013-01-22,29.77,0.971605744
2013-01-23,29.5,0.990930467
2013-01-24,28.95,0.981355932
2013-01-25,28.76,0.99343696
2013-01-28,29.28,1.018080668
2013-01-29,29.9,1.021174863
2013-01-30,30.86,1.032107023
2013-01-31,29.97,0.971160078
2013-02-01,29.85,0.995995996
2013-02-04,29.3,0.981574539
2013-02-05,29.47,1.005802048
2013-02-06,29.6,1.004411266
2013-02-07,29.6,1.0
2013-02-08,30.05,1.015202703
2013-02-18,30.19,1.004658902
2013-02-19,29.4,0.973832395
2013-02-20,32.35,1.100340136
2013-02-21,34.39,1.063060278
2013-02-22,33.47,0.973248037
2013-02-25,33.34,0.996115925
2013-02-26,32.03,0.960707858
2013-02-27,31.61,0.986887293
2013-02-28,31.93,1.010123379
2013-03-01,32.4,1.014719699
2013-03-04,30.59,0.944135802
2013-03-05,31.58,1.032363517
2013-03-06,32.85,1.040215326
2013-03-07,32.25,0.98173516
2013-03-08,31.98,0.991627907
2013-03-11,32.05,1.002188868
2013-03-12,33.17,1.034945398
2013-03-13,31.78,0.958094664
2013-03-14,30.99,0.975141598
2013-03-15,30.62,0.988060665
2013-03-18,29.4,0.96015676
2013-03-19,29.05,0.988095238
2013-03-20,29.8,1.025817556
2013-03-21,30.02,1.00738255
2013-03-22,30.57,1.018321119
2013-03-25,30.24,0.989205103
2013-03-26,33.27,1.100198413
2013-03-27,32.63,0.980763451
2013-03-28,33.27,1.019613852
2013-03-29,33.67,1.012022843
2013-04-01,33.22,0.986634987
2013-04-02,32.48,0.977724262
2013-04-03,29.62,0.911945813
2013-04-08,28.53,0.96320054
2013-04-09,28.53,1.0
2013-04-10,28.98,1.015772871
2013-04-11,28.71,0.99068323
2013-04-12,29.8,1.037965866
2013-04-15,29.0,0.973154362
2013-04-16,28.83,0.994137931
2013-04-17,29.23,1.013874436
2013-04-18,28.8,0.985289087
2013-04-19,29.3,1.017361111
2013-04-22,30.49,1.040614334
2013-04-23,29.03,0.952115448
2013-04-24,31.93,1.099896659
2013-04-25,31.86,0.997807704
2013-04-26,31.24,0.980539862
2013-05-02,31.83,1.018886044
2013-05-03,32.08,1.007854226
2013-05-06,32.33,1.007793017
2013-05-07,33.2,1.026909991
2013-05-08,33.2,1.0
2013-05-09,32.23,0.970783133
2013-05-10,33.44,1.037542662
2013-05-13,33.12,0.990430622
2013-05-14,32.23,0.973128019
2013-05-15,33.12,1.027614024
2013-05-16,34.16,1.031400966
2013-05-17,34.76,1.017564403
2013-05-20,35.21,1.012945915
2013-05-21,35.43,1.006248225
2013-05-22,34.51,0.974033305
2013-05-23,34.26,0.992755723
2013-05-24,34.86,1.017513135
2013-05-27,37.76,1.083189902
2013-05-28,37.59,0.995497881
2013-05-29,37.86,1.007182761
2013-05-30,38.46,1.015847861
2013-05-31,37.07,0.963858554
2013-06-03,36.99,0.997841921
2013-06-04,36.6,0.98945661
2013-06-05,36.94,1.009289617
2013-06-06,34.71,0.939631835
2013-06-07,33.37,0.961394411
2013-06-13,32.5,0.973928678
2013-06-14,33.17,1.020615385
2013-06-17,33.79,1.018691589
2013-06-18,33.84,1.001479728
2013-06-19,33.44,0.988179669
2013-06-20,32.01,0.957236842
2013-06-21,31.22,0.975320212
2013-06-24,28.98,0.928251121
2013-06-25,29.24,1.008971705
2013-06-26,29.26,1.000683995
2013-06-27,28.5,0.974025974
2013-06-28,28.07,0.984912281
2013-07-01,28.19,1.004275027
2013-07-02,28.5,1.010996807
2013-07-03,27.46,0.963508772
2013-07-04,27.84,1.01383831
2013-07-05,27.89,1.001795977
2013-07-08,25.15,0.901756902
2013-07-09,24.64,0.97972167
2013-07-10,25.27,1.025568182
2013-07-11,26.39,1.04432133
2013-07-12,25.73,0.974990527
2013-07-15,27.05,1.051301982
2013-07-16,27.92,1.032162662
2013-07-17,27.13,0.971704871
2013-07-18,26.72,0.984887578
2013-07-19,25.63,0.9592065869999999
2013-07-22,26.14,1.019898556
2013-07-23,27.48,1.051262433
2013-07-24,27.41,0.997452693
2013-07-25,26.85,0.9795695
2013-07-26,27.38,1.019739292
2013-07-29,27.66,1.010226443
2013-07-30,28.45,1.028561099
2013-07-31,28.25,0.992970123
2013-08-01,28.7,1.015929204
2013-08-02,28.4,0.989547038
2013-08-05,29.16,1.026760563
2013-08-06,29.16,1.0
2013-08-07,28.65,0.982510288
2013-08-08,28.45,0.993019197
2013-08-09,28.5,1.001757469
2013-08-12,29.16,1.023157895
2013-08-13,29.72,1.01920439
2013-08-14,29.16,0.98115747
2013-08-15,28.58,0.980109739
2013-08-16,27.94,0.977606718
2013-08-19,28.37,1.015390122
2013-08-20,27.99,0.986605569
2013-08-21,28.5,1.018220793
2013-08-22,28.86,1.012631579
2013-08-23,28.86,1.0
2013-08-26,30.43,1.054400554
2013-08-27,31.5,1.035162668
2013-08-28,31.04,0.985396825
2013-08-29,31.88,1.027061856
2013-08-30,32.13,1.007841907
2013-09-02,32.74,1.018985372
2013-09-03,32.87,1.003970678
2013-09-04,34.01,1.034682081
2013-09-05,35.71,1.049985298
2013-09-06,35.15,0.984318118
2013-09-09,35.23,1.00227596
2013-09-10,35.21,0.999432302
2013-09-11,34.95,0.992615734
2013-09-12,35.0,1.001430615
2013-09-13,36.02,1.029142857
2013-09-16,36.07,1.001388118
2013-09-17,35.13,0.973939562
2013-09-18,36.02,1.025334472
2013-09-23,36.22,1.005552471
2013-09-24,36.32,1.002760906
2013-09-25,37.54,1.033590308
2013-09-26,35.69,0.950719233
2013-09-27,35.18,0.985710283
2013-09-30,35.43,1.00710631
2013-10-08,35.81,1.010725374
2013-10-09,35.28,0.985199665
2013-10-10,34.29,0.971938776
2013-10-11,35.23,1.02741324
2013-10-14,35.99,1.021572523
2013-10-15,36.96,1.026951931
2013-10-16,35.56,0.962121212
2013-10-17,36.45,1.025028121
2013-10-18,36.63,1.004938272
2013-10-21,39.88,1.088725089
2013-10-22,40.97,1.027331996
2013-10-23,39.24,0.957773981
2013-10-24,38.61,0.983944954
2013-10-25,38.56,0.998704999
2013-10-28,39.32,1.019709544
2013-10-29,35.99,0.915310275
2013-10-30,36.45,1.012781328
2013-10-31,37.01,1.015363512
2013-11-01,36.63,0.989732505
2013-11-04,36.83,1.005460005
2013-11-05,36.75,0.997827858
2013-11-06,36.09,0.982040816
2013-11-07,36.07,0.99944583
2013-11-08,35.56,0.985860826
2013-11-11,35.71,1.004218223
2013-11-12,35.51,0.994399328
2013-11-13,34.72,0.977752746
2013-11-14,35.51,1.022753456
2013-11-15,35.81,1.008448324
2013-11-18,36.53,1.020106116
2013-11-19,38.1,1.042978374
2013-11-20,38.0,0.997375328
2013-11-21,37.59,0.989210526
2013-11-22,37.77,1.004788508
2013-11-25,36.65,0.970346836
2013-11-26,36.6,0.998635744
2013-11-27,37.16,1.015300546
2013-11-28,37.8,1.01722282
2013-11-29,37.87,1.001851852
2013-12-02,35.59,0.939794032
2013-12-03,36.58,1.027816802
2013-12-04,38.2,1.044286495
2013-12-05,38.43,1.006020942
2013-12-06,37.59,0.978142077
2013-12-09,38.63,1.027666933
2013-12-10,39.63,1.025886617
2013-12-11,39.32,0.992177643
2013-12-12,39.45,1.003306205
2013-12-13,40.62,1.029657795
2013-12-16,39.63,0.97562777
2013-12-17,37.85,0.955084532
2013-12-18,38.38,1.014002642
2013-12-19,38.1,0.992704534
2013-12-20,37.64,0.987926509
2013-12-23,36.58,0.97183847
2013-12-24,37.21,1.017222526
2013-12-25,37.95,1.019887127
2013-12-26,36.15,0.95256917
2013-12-27,37.19,1.028769018
2013-12-30,37.62,1.011562248
2013-12-31,37.39,0.993886231
2014-01-02,37.82,1.011500401
2014-01-03,36.81,0.973294553
2014-01-06,35.05,0.952186906
2014-01-07,36.91,1.053067047
2014-01-08,36.7,0.994310485
2014-01-09,35.56,0.96893733
2014-01-10,34.6,0.973003375
2014-01-13,34.95,1.010115607
2014-01-14,35.51,1.01602289
2014-01-15,35.51,1.0
2014-01-16,35.54,1.000844832
2014-01-17,35.28,0.992684299
2014-01-20,34.57,0.979875283
2014-01-21,35.18,1.017645357
2014-01-22,35.81,1.017907902
2014-01-23,36.22,1.011449316
2014-01-24,37.24,1.028161237
2014-01-27,36.4,0.977443609
2014-01-28,38.23,1.050274725
2014-01-29,37.82,0.989275438
2014-01-30,38.74,1.024325754
2014-02-07,39.12,1.009808983
2014-02-10,39.78,1.016871166
2014-02-11,39.09,0.9826546
2014-02-12,39.5,1.010488616
2014-02-13,39.14,0.990886076
2014-02-14,39.29,1.003832397
2014-02-17,40.46,1.02977857
2014-02-18,41.15,1.01705388
2014-02-19,40.51,0.984447145
2014-02-20,39.07,0.964453221
2014-02-21,38.96,0.997184541
2014-02-24,38.84,0.996919918
2014-02-25,37.09,0.954943357
2014-02-26,37.29,1.005392289
2014-02-27,36.07,0.967283454
2014-02-28,36.75,1.018852232
2014-03-03,37.59,1.022857143
2014-03-04,37.69,1.002660282
2014-03-05,37.44,0.993366941
2014-03-06,36.93,0.986378205
2014-03-07,37.21,1.007581912
2014-03-10,35.41,0.951625907
2014-03-11,35.36,0.99858797
2014-03-12,35.87,1.014423077
2014-03-13,36.02,1.004181767
2014-03-14,35.97,0.998611882
2014-03-17,36.32,1.009730331
2014-03-18,36.09,0.993667401
2014-03-19,35.76,0.990856193
2014-03-20,35.81,1.00139821
2014-03-21,36.45,1.017872103
2014-03-24,36.6,1.004115226
2014-03-25,36.75,1.004098361
2014-03-26,37.03,1.007619048
2014-03-27,35.87,0.968674048
2014-03-28,35.31,0.984388068
2014-03-31,34.9,0.988388558
2014-04-01,35.66,1.021776504
2014-04-02,35.28,0.989343803
2014-04-03,35.56,1.007936508
2014-04-04,35.87,1.00871766
2014-04-08,36.3,1.011987733
2014-04-09,36.5,1.005509642
2014-04-10,36.4,0.997260274
2014-04-11,36.45,1.001373626
2014-04-14,37.92,1.0403292180000001
2014-04-15,37.67,0.993407173
2014-04-16,38.94,1.033713831
2014-04-17,38.91,0.999229584
2014-04-18,39.4,1.012593164
2014-04-21,38.69,0.981979695
2014-04-22,39.4,1.018350995
2014-04-23,39.09,0.99213198
2014-04-24,40.01,1.023535431
2014-04-25,38.2,0.95476131
2014-04-28,35.84,0.938219895
2014-04-29,36.53,1.019252232
2014-04-30,36.75,1.006022447
2014-05-05,36.78,1.000816327
2014-05-06,37.03,1.006797172
2014-05-07,36.32,0.980826357
2014-05-08,36.83,1.01404185
2014-05-09,37.19,1.00977464
2014-05-12,38.38,1.031997849
2014-05-13,38.51,1.003387181
2014-05-14,38.43,0.997922618
2014-05-15,37.47,0.975019516
2014-05-16,38.23,1.020282893
2014-05-19,37.67,0.985351818
2014-05-20,38.23,1.014865941
2014-05-21,38.18,0.998692127
2014-05-22,38.23,1.001309586
2014-05-23,38.28,1.001307873
2014-05-26,39.07,1.020637409
2014-05-27,38.61,0.988226261
2014-05-28,39.37,1.01968402
2014-05-29,38.79,0.985267971
2014-05-30,38.41,0.990203661
2014-06-03,38.53,1.003124186
2014-06-04,37.92,0.984168181
2014-06-05,38.2,1.007383966
2014-06-06,39.22,1.026701571
2014-06-09,39.6,1.009688934
2014-06-10,42.37,1.069949495
2014-06-11,42.75,1.00896861
2014-06-12,43.18,1.01005848
2014-06-13,47.37,1.097035665
2014-06-16,52.12,1.100274435
2014-06-17,49.16,0.943207982
2014-06-18,46.03,0.93633035
2014-06-19,43.06,0.935476863
2014-06-20,43.53,1.010915002
2014-06-23,43.43,0.997702734
2014-06-24,43.74,1.007137923
2014-06-25,42.8,0.978509374
2014-06-26,43.69,1.020794393
2014-06-27,43.69,1.0
2014-06-30,43.48,0.995193408
2014-07-01,45.41,1.044388224
2014-07-02,44.99,0.990750936
2014-07-03,44.05,0.979106468
2014-07-04,43.43,0.985925085
2014-07-07,43.74,1.007137923
2014-07-08,43.27,0.989254687
2014-07-09,42.49,0.981973654
2014-07-10,42.33,0.996234408
2014-07-11,42.65,1.00755965
2014-07-14,42.91,1.006096131
2014-07-15,42.44,0.989046842
2014-07-16,42.28,0.996229972
2014-07-17,42.59,1.007332072
2014-07-18,42.23,0.991547312
2014-07-21,41.14,0.974188965
2014-07-22,41.71,1.013855129
2014-07-23,41.19,0.987532966
2014-07-24,40.46,0.982277252
2014-07-25,41.76,1.032130499
2014-07-28,42.13,1.008860153
2014-07-29,42.39,1.006171374
2014-07-30,42.54,1.00353857
2014-07-31,42.8,1.006111895
2014-08-01,42.13,0.984345794
2014-08-04,43.17,1.0246854970000001
2014-08-05,43.74,1.013203614
2014-08-06,44.21,1.010745313
2014-08-07,44.63,1.009500113
2014-08-08,46.24,1.036074389
2014-08-11,49.47,1.069852941
2014-08-12,48.17,0.973721447
2014-08-13,47.75,0.99128088
2014-08-14,47.12,0.986806283
2014-08-15,47.39,1.005730051
2014-08-18,47.7,1.006541464
2014-08-19,47.65,0.998951782
2014-08-20,47.85,1.004197272
2014-08-21,47.7,0.996865204
2014-08-22,47.75,1.001048218
2014-08-25,48.69,1.019685864
2014-08-26,47.59,0.977408092
2014-08-27,47.75,1.003362051
2014-08-28,48.27,1.010890052
2014-08-29,47.85,0.991298943
2014-09-01,48.43,1.012121212
2014-09-02,49.21,1.01610572
2014-09-03,49.21,1.0
2014-09-04,49.26,1.001016054
2014-09-05,51.03,1.03593179
2014-09-09,50.98,0.999020184
2014-09-10,50.51,0.990780698
2014-09-11,50.2,0.993862601
2014-09-12,50.61,1.008167331
2014-09-15,50.67,1.001185536
2014-09-16,47.91,0.945529899
2014-09-17,47.91,1.0
2014-09-18,48.22,1.006470465
2014-09-19,48.69,1.009746993
2014-09-22,47.7,0.9796672829999999
2014-09-23,48.32,1.012997904
2014-09-24,49.05,1.015107616
2014-09-25,49.21,1.003261978
2014-09-26,49.73,1.010566958
2014-09-29,51.03,1.026141162
2014-09-30,50.87,0.996864589
2014-10-08,54.68,1.074896796
2014-10-09,55.56,1.016093636
2014-10-10,54.05,0.972822174
2014-10-13,55.3,1.023126735
2014-10-14,53.89,0.974502712
2014-10-15,54.36,1.00872147
2014-10-16,53.06,0.976085357
2014-10-17,52.49,0.989257444
2014-10-20,53.01,1.009906649
2014-10-21,53.89,1.016600641
2014-10-22,52.18,0.968268695
2014-10-23,49.94,0.957071675
2014-10-24,50.51,1.011413696
2014-10-27,50.67,1.00316769
2014-10-28,52.18,1.029800671
2014-10-29,53.63,1.027788425
2014-10-30,53.69,1.001118777
2014-10-31,52.8,0.983423356
2014-11-03,54.21,1.026704545
2014-11-04,53.63,0.989300867
2014-11-05,53.37,0.995151967
2014-11-06,53.74,1.006932734
2014-11-07,52.8,0.982508374
2014-11-10,52.85,1.00094697
2014-11-11,49.94,0.944938505
2014-11-12,50.56,1.012414898
2014-11-13,48.84,0.9659810129999999
2014-11-14,49.26,1.008599509
2014-11-17,50.09,1.016849371
2014-11-18,49.83,0.994809343
2014-11-19,50.04,1.004214329
2014-11-20,49.57,0.990607514
2014-11-21,53.32,1.075650595
2014-11-24,54.1,1.014628657
2014-11-25,53.79,0.994269871
2014-11-26,56.39,1.048336122
2014-11-27,56.34,0.999113318
2014-11-28,58.32,1.03514377
2014-12-01,57.23,0.981310014
2014-12-02,57.02,0.996330596
2014-12-03,55.82,0.978954753
2014-12-04,55.82,1.0
2014-12-05,53.53,0.958975278
2014-12-08,52.12,0.97365963
2014-12-09,50.3,0.965080583
2014-12-10,51.97,1.033200795
2014-12-11,51.86,0.997883394
2014-12-12,52.12,1.005013498
2014-12-15,53.69,1.030122794
2014-12-16,52.7,0.981560812
2014-12-17,51.19,0.971347249
2014-12-18,51.08,0.997851143
2014-12-19,50.72,0.992952232
2014-12-22,48.43,0.954850158
2014-12-23,48.79,1.007433409
2014-12-24,49.31,1.010657922
2014-12-25,50.09,1.015818292
2014-12-26,49.83,0.994809343
2014-12-29,50.67,1.016857315
2014-12-30,50.67,1.0
2014-12-31,50.67,1.0
2015-01-05,51.08,1.008091573
2015-01-06,51.29,1.004111198
2015-01-07,50.87,0.991811269
2015-01-08,50.46,0.99194024
2015-01-09,49.73,0.985533096
2015-01-12,48.27,0.970641464
2015-01-13,48.58,1.006422208
2015-01-14,48.74,1.003293536
2015-01-15,50.77,1.041649569
2015-01-16,50.67,0.998030333
2015-01-19,49.52,0.977304125
2015-01-20,50.98,1.029483037
2015-01-21,52.18,1.023538643
2015-01-22,53.11,1.017822921
2015-01-23,52.38,0.986254943
2015-01-26,53.43,1.020045819
2015-01-27,54.41,1.018341756
2015-01-28,53.16,0.977026282
2015-01-29,51.86,0.975545523
2015-01-30,50.98,0.983031238
2015-02-02,51.03,1.000980777
2015-02-03,52.38,1.026455026
2015-02-04,51.34,0.980145094
2015-02-05,51.19,0.997078302
2015-02-06,50.25,0.981637038
2015-02-09,50.35,1.00199005
2015-02-10,50.67,1.006355511
2015-02-11,51.65,1.019340833
2015-02-12,52.38,1.014133591
2015-02-13,52.59,1.004009164
2015-02-16,53.58,1.018824872
2015-02-17,53.53,0.999066816
2015-02-25,53.43,0.998131889
2015-02-26,53.74,1.005801984
2015-02-27,54.21,1.008745813
2015-03-02,54.62,1.00756318
2015-03-03,54.94,1.00585866
2015-03-04,55.35,1.007462687
2015-03-05,60.87,1.099728997
2015-03-06,59.26,0.973550189
2015-03-09,61.97,1.045730678
2015-03-10,64.93,1.047765048
2015-03-11,63.68,0.980748498
2015-03-12,62.9,0.987751256
2015-03-13,62.85,0.999205087
2015-03-16,64.52,1.026571201
2015-03-17,64.15,0.994265344
2015-03-18,65.14,1.01543258
2015-03-19,69.46,1.066318698
2015-03-20,68.68,0.988770515
2015-03-23,70.56,1.027373326
2015-03-24,67.69,0.959325397
2015-03-25,66.65,0.98463584
2015-03-26,67.8,1.017254314
2015-03-27,67.43,0.994542773
2015-03-30,67.9,1.006970191
2015-03-31,73.42,1.081296024
2015-04-01,74.93,1.020566603
2015-04-02,76.49,1.020819431
2015-04-03,77.9,1.018433782
2015-04-07,83.99,1.07817715
2015-04-08,80.87,0.962852721
2015-04-09,78.63,0.972301224
2015-04-10,83.0,1.055576752
2015-04-13,91.28,1.099759036
2015-04-14,97.69,1.070223488
2015-04-15,88.21,0.902958338
2015-04-16,97.01,1.099761932
2015-04-17,100.5,1.035975673
2015-04-20,93.62,0.931542289
2015-04-21,101.38,1.082888272
2015-04-22,105.6,1.041625567
2015-04-23,106.64,1.009848485
2015-04-24,107.84,1.011252813
2015-04-27,105.65,0.979692136
2015-04-28,100.71,0.953241836
2015-04-29,102.06,1.013404826
2015-04-30,99.46,0.974524789
2015-05-04,100.6,1.011461894
2015-05-05,103.47,1.028528827
2015-05-06,105.55,1.020102445
2015-05-07,103.62,0.981714827
2015-05-08,111.69,1.077880718
2015-05-11,119.71,1.071805891
2015-05-12,119.24,0.996073845
2015-05-13,118.15,0.990858772
2015-05-14,126.43,1.070080406
2015-05-15,139.08,1.100055367
2015-05-18,135.7,0.97569744
2015-05-19,139.55,1.028371408
2015-05-20,152.31,1.091436761
2015-05-21,167.51,1.099796468
2015-05-22,178.61,1.066264701
2015-05-25,172.2,0.964111752
2015-05-26,189.49,1.100406504
2015-05-27,208.5,1.100321917
2015-05-28,213.11,1.022110312
2015-05-29,214.37,1.00591244
2015-06-01,212.18,0.989784018
2015-06-02,205.39,0.967998869
2015-06-03,199.28,0.970251716
2015-06-04,202.28,1.015054195
2015-06-05,200.2,0.989717224
2015-06-08,191.91,0.958591409
2015-06-09,196.98,1.026418634
2015-06-10,196.63,0.99822317
2015-06-11,214.49,1.090830494
2015-06-12,206.08,0.960790713
2015-06-15,196.75,0.95472632
2015-06-16,187.3,0.951969504
2015-06-17,195.71,1.044901228
2015-06-18,186.04,0.950590159
2015-06-19,167.49,0.90029026
2015-06-23,156.09,0.931936235
2015-06-24,166.45,1.066371965
2015-06-25,167.84,1.008350856
2015-06-26,151.02,0.89978551
2015-06-29,135.93,0.9000794599999999
2015-06-30,148.6,1.09320974
2015-07-01,135.93,0.91473755
2015-07-02,122.33,0.899948503
2015-07-03,110.12,0.900188016
2015-07-06,99.07,0.899654922
2015-07-07,89.16,0.899969718
2015-07-08,89.16,1.0
2015-07-09,89.16,1.0
2015-07-10,89.16,1.0
2015-07-13,89.16,1.0
2015-07-14,98.03,1.099484074
2015-07-15,100.91,1.029378762
2015-07-16,103.9,1.029630364
2015-07-17,114.16,1.098748797
2015-07-20,119.34,1.045374912
2015-07-21,120.03,1.0057818
2015-07-22,118.42,0.986586687
2015-07-23,124.29,1.04956933
2015-07-24,121.87,0.980529407
2015-07-27,109.66,0.8998112739999999
2015-07-28,101.48,0.9254058000000001
2015-07-29,109.09,1.074990146
2015-07-30,105.75,0.969383078
2015-07-31,104.94,0.992340426
2015-08-03,96.76,0.922050696
2015-08-04,105.29,1.088156263
2015-08-05,101.6,0.964953937
2015-08-06,99.64,0.980708661
2015-08-07,103.1,1.03472501
2015-08-10,110.35,1.070320078
2015-08-11,121.41,1.100226552
2015-08-12,133.51,1.099662301
2015-08-13,139.84,1.047412179
2015-08-14,139.15,0.995065789
2015-08-17,140.3,1.008264463
2015-08-18,126.25,0.899857448
2015-08-19,127.86,1.012752475
2015-08-20,122.1,0.9549507269999999
2015-08-21,113.46,0.929238329
2015-08-24,102.18,0.900581703
2015-08-25,91.92,0.899588961
2015-08-26,93.42,1.016318538
2015-08-27,96.07,1.028366517
2015-08-28,104.13,1.083897158
2015-08-31,97.34,0.934793047
2015-09-01,87.66,0.900554757
2015-09-02,81.9,0.934291581
2015-09-07,84.44,1.031013431
2015-09-08,91.23,1.080412127
2015-09-09,96.53,1.058094925
2015-09-10,91.92,0.952242826
2015-09-11,92.73,1.00881201
2015-09-14,83.51,0.9005715519999999
2015-09-15,76.95,0.921446533
2015-09-16,83.86,1.089798571
2015-09-17,80.63,0.961483425
2015-09-18,81.67,1.012898425
2015-09-21,84.55,1.035263867
2015-09-22,85.24,1.008160852
2015-09-23,82.71,0.970319099
2015-09-24,84.21,1.018135655
2015-09-25,86.05,1.021850137
2015-09-28,85.59,0.994654271
2015-09-29,82.13,0.959574717
2015-09-30,83.05,1.011201753
2015-10-08,85.47,1.029139073
2015-10-09,87.09,1.018954019
2015-10-12,95.84,1.100470777
2015-10-13,97.34,1.015651085
2015-10-14,94.0,0.965687282
2015-10-15,96.53,1.026914894
2015-10-16,97.8,1.013156532
2015-10-19,104.83,1.071881391
2015-10-20,104.59,0.997710579
2015-10-21,94.11,0.899799216
2015-10-22,97.22,1.033046435
2015-10-23,99.3,1.021394775
2015-10-26,104.83,1.055689829
2015-10-27,115.31,1.099971382
2015-10-28,107.13,0.929060793
2015-10-29,108.51,1.012881546
2015-10-30,108.51,1.0
2015-11-02,102.52,0.944797714
2015-11-03,104.25,1.016874756
2015-11-04,110.12,1.056306954
2015-11-05,108.74,0.987468216
2015-11-06,110.7,1.018024646
2015-11-09,115.19,1.040560072
2015-11-10,117.5,1.020053824
2015-11-11,117.73,1.001957447
2015-11-12,115.08,0.977490869
2015-11-13,112.2,0.974973931
2015-11-16,115.19,1.026648841
2015-11-17,112.89,0.980032989
2015-11-18,110.82,0.981663566
2015-11-19,113.12,1.020754376
2015-11-20,113.46,1.003005658
2015-11-23,124.87,1.100564075
2015-11-24,125.67,1.006406663
2015-11-25,125.21,0.99633962
2015-11-26,131.55,1.050634933
2015-11-27,118.76,0.90277461
2015-11-30,115.42,0.971876053
2015-12-01,114.16,0.989083348
2015-12-02,114.96,1.007007708
2015-12-03,116.69,1.015048713
2015-12-04,113.81,0.975319222
2015-12-07,116.57,1.024250945
2015-12-08,111.97,0.960538732
2015-12-09,108.63,0.970170581
2015-12-10,108.28,0.996778054
2015-12-11,106.9,0.987255264
2015-12-14,110.01,1.02909261
2015-12-15,111.97,1.017816562
2015-12-16,110.93,0.990711798
2015-12-17,113.35,1.021815559
2015-12-18,124.64,1.099603
2015-12-21,120.84,0.969512195
2015-12-22,121.07,1.001903343
2015-12-23,117.61,0.971421492
2015-12-24,115.42,0.981379134
2015-12-25,117.96,1.022006585
2015-12-28,113.58,0.962868769
2015-12-29,114.73,1.010125022
2015-12-30,116.23,1.013074174
2015-12-31,118.42,1.018841951
2016-01-04,106.67,0.900776896
2016-01-05,102.06,0.956782601
2016-01-06,105.52,1.033901626
2016-01-07,95.61,0.9060841550000001
2016-01-08,96.99,1.014433637
2016-01-11,87.78,0.905041757
2016-01-12,88.35,1.006493506
2016-01-13,85.24,0.964799095
2016-01-14,88.12,1.033786954
2016-01-15,84.32,0.956876986
2016-01-18,85.01,1.008183112
2016-01-19,88.58,1.041995059
2016-01-20,89.04,1.005193046
2016-01-21,84.78,0.952156334
2016-01-22,86.16,1.016277424
2016-01-25,87.09,1.010793872
2016-01-26,78.33,0.899414399
2016-01-27,77.99,0.99565939
2016-01-28,73.26,0.939351199
2016-01-29,73.26,1.0
2016-02-01,73.26,1.0
2016-02-02,80.63,1.100600601
2016-02-03,84.09,1.042912067
2016-02-04,84.21,1.001427042
2016-02-05,81.9,0.972568579
2016-02-15,80.29,0.98034188
2016-02-16,83.51,1.040104621
2016-02-17,84.55,1.012453598
2016-02-18,83.86,0.991839148
2016-02-19,83.98,1.001430956
2016-02-22,87.55,1.042510121
2016-02-23,85.47,0.976242147
2016-02-24,87.66,1.025623026
2016-02-25,78.91,0.900182523
2016-02-26,79.37,1.005829426
2016-02-29,74.99,0.944815421
2016-03-01,77.18,1.029203894
2016-03-02,80.98,1.049235553
2016-03-03,81.44,1.005680415
2016-03-04,80.52,0.98870334
2016-03-07,81.79,1.015772479
2016-03-08,81.67,0.998532828
2016-03-09,79.94,0.978817191
2016-03-10,78.68,0.984238179
2016-03-11,78.45,0.997076767
2016-03-14,81.33,1.036711281
2016-03-15,80.4,0.9885651049999999
2016-03-16,79.37,0.987189055
2016-03-17,81.79,1.03049011
2016-03-18,84.55,1.033744957
2016-03-21,85.82,1.015020698
2016-03-22,85.82,1.0
2016-03-23,86.16,1.00396178
2016-03-24,84.55,0.981313835
2016-03-25,86.28,1.020461266
2016-03-28,86.05,0.997334261
2016-03-29,83.28,0.967809413
2016-03-30,86.39,1.0373439
2016-03-31,88.47,1.024076861
2016-04-01,90.31,1.020798011
2016-04-05,91.12,1.008969106
2016-04-06,90.66,0.994951712
2016-04-07,88.58,0.977057137
2016-04-08,89.04,1.005193046
2016-04-11,93.08,1.045372866
2016-04-12,92.27,0.991297808
2016-04-13,92.04,0.997507315
2016-04-14,93.65,1.017492395
2016-04-15,92.73,0.990176188
2016-04-18,89.97,0.97023617
2016-04-19,90.2,1.002556408
2016-04-20,85.59,0.948891353
2016-04-21,85.47,0.998597967
2016-04-22,86.28,1.009477009
2016-04-25,85.59,0.992002782
2016-04-26,86.51,1.010748919
2016-04-27,86.28,0.997341348
2016-04-28,86.74,1.005331479
2016-04-29,85.82,0.98939359
2016-05-03,88.12,1.02680028
2016-05-04,88.01,0.998751702
2016-05-05,89.04,1.011703216
2016-05-06,85.59,0.961253369
2016-05-09,81.44,0.951513027
2016-05-10,81.44,1.0
2016-05-11,81.56,1.001473477
2016-05-12,81.79,1.00282001
2016-05-13,81.33,0.994375841
2016-05-16,83.05,1.021148408
2016-05-17,82.59,0.994461168
2016-05-18,79.83,0.966581911
2016-05-19,79.94,1.001377928
2016-05-20,80.52,1.007255442
2016-05-23,81.9,1.017138599
2016-05-24,81.67,0.997191697
2016-05-25,81.33,0.995836905
2016-05-26,80.87,0.99434403
2016-05-27,81.9,1.012736491
2016-05-30,81.1,0.99023199
2016-05-31,84.21,1.038347719
2016-06-01,86.51,1.027312671
2016-06-02,87.2,1.007975957
2016-06-03,87.43,1.002637615
2016-06-06,90.66,1.036943841
2016-06-07,89.85,0.99106552
2016-06-08,94.8,1.05509182
2016-06-13,89.04,0.939240506
2016-06-14,91.23,1.024595687
2016-06-15,100.33,1.09974789
2016-06-16,97.8,0.974783215
2016-06-17,96.07,0.982310838
2016-06-20,97.93,1.019360883
2016-06-21,94.67,0.966710916
2016-06-22,95.25,1.006126545
2016-06-23,93.97,0.98656168
2016-06-24,91.29,0.97148026
2016-06-27,94.09,1.030671486
2016-06-28,94.67,1.006164311
2016-06-29,94.2,0.995035386
2016-06-30,95.95,1.018577495
2016-07-01,94.67,0.986659719
2016-07-04,95.72,1.011091159
2016-07-05,95.6,0.998746344
2016-07-06,94.67,0.990271967
2016-07-07,93.97,0.992605894
2016-07-08,93.39,0.993827817
2016-07-11,93.5,1.001177856
2016-07-12,94.32,1.008770053
2016-07-13,94.67,1.003710772
2016-07-14,96.77,1.022182318
2016-07-15,95.37,0.985532706
2016-07-18,94.2,0.987731991
2016-07-19,95.02,1.008704883
2016-07-20,95.13,1.001157651
2016-07-21,95.6,1.004940608
2016-07-22,95.25,0.996338912
2016-07-25,97.47,1.023307087
2016-07-26,97.47,1.0
2016-07-27,93.39,0.958140966
2016-07-28,95.13,1.018631545
2016-07-29,94.43,0.992641648
2016-08-01,94.32,0.998835116
2016-08-02,94.43,1.001166243
2016-08-03,94.2,0.997564333
2016-08-04,94.67,1.004989384
2016-08-05,99.33,1.049223619
2016-08-08,105.51,1.062216853
2016-08-09,104.11,0.986731116
2016-08-10,103.3,0.992219768
2016-08-11,100.26,0.970571152
2016-08-12,101.2,1.009375623
2016-08-15,102.01,1.008003953
2016-08-16,101.43,0.994314283
2016-08-17,103.65,1.021887016
2016-08-18,101.9,0.983116257
2016-08-19,100.61,0.98734053
2016-08-22,99.21,0.986084882
2016-08-23,99.8,1.005946981
2016-08-24,98.98,0.991783567
2016-08-25,99.21,1.002323702
2016-08-26,99.33,1.001209555
2016-08-29,98.4,0.99063727
2016-08-30,98.4,1.0
2016-08-31,98.63,1.002337398
2016-09-01,97.35,0.987022204
2016-09-02,95.25,0.978428351
2016-09-05,95.72,1.004934383
2016-09-06,96.77,1.010969494
2016-09-07,96.65,0.998759946
2016-09-08,98.52,1.019348163
2016-09-09,96.77,0.982237109
2016-09-12,93.27,0.963831766
2016-09-13,93.62,1.003752546
2016-09-14,93.27,0.996261483
2016-09-19,94.55,1.013723598
2016-09-20,94.2,0.996298255
2016-09-21,95.13,1.009872611
2016-09-22,95.37,1.002522863
2016-09-23,97.12,1.018349586
2016-09-26,94.43,0.972302306
2016-09-27,98.63,1.044477391
2016-09-28,98.63,1.0
2016-09-29,97.93,0.992902768
2016-09-30,98.52,1.006024712
2016-10-10,99.21,1.007003654
2016-10-11,99.68,1.004737426
2016-10-12,99.1,0.99418138
2016-10-13,99.21,1.00110999
2016-10-14,99.45,1.002419111
2016-10-17,97.35,0.978883861
2016-10-18,98.52,1.01201849
2016-10-19,97.7,0.991676817
2016-10-20,98.4,1.00716479
2016-10-21,97.35,0.989329268
2016-10-24,98.05,1.00719055
2016-10-25,98.52,1.004793473
2016-10-26,98.87,1.003552578
2016-10-27,97.82,0.989379994
2016-10-28,97.23,0.993968514
2016-10-31,98.05,1.008433611
2016-11-01,100.26,1.022539521
2016-11-02,98.87,0.986136046
2016-11-03,100.03,1.011732578
2016-11-04,100.5,1.00469859
2016-11-07,100.15,0.996517413
2016-11-08,101.08,1.009286071
2016-11-09,101.43,1.003462604
2016-11-10,103.18,1.017253278
2016-11-11,103.06,0.998836984
2016-11-14,101.9,0.988744421
2016-11-15,102.83,1.009126595
2016-11-16,102.25,0.994359623
2016-11-17,102.01,0.997652812
2016-11-18,101.55,0.995490638
2016-11-21,102.6,1.010339734
2016-11-22,104.46,1.018128655
2016-11-23,103.88,0.994447635
2016-11-24,102.25,0.984308818
2016-11-25,104.23,1.019364303
2016-11-28,103.76,0.995490742
2016-11-29,100.96,0.973014649
2016-11-30,106.79,1.057745642
2016-12-01,108.89,1.019664763
2016-12-02,107.84,0.990357241
2016-12-05,102.25,0.948163947
2016-12-06,101.55,0.993154034
2016-12-07,100.96,0.994190054
2016-12-08,99.91,0.989599842
2016-12-09,98.63,0.98718847
2016-12-12,94.43,0.957416608
2016-12-13,94.67,1.002541565
2016-12-14,94.32,0.996302947
2016-12-15,95.83,1.01600933
2016-12-16,96.77,1.009809037
2016-12-19,96.42,0.996383177
2016-12-20,96.53,1.001140842
2016-12-21,96.65,1.001243137
2016-12-22,95.95,0.992757372
2016-12-23,94.43,0.984158416
2016-12-26,95.02,1.006248014
2016-12-27,95.25,1.002420543
2016-12-28,94.55,0.992650919
2016-12-29,94.67,1.00126917
2016-12-30,94.43,0.997464878
2017-01-03,95.83,1.014825797
2017-01-04,97.12,1.013461338
2017-01-05,102.83,1.058793245
2017-01-06,98.75,0.960322863
2017-01-09,98.75,1.0
2017-01-10,98.05,0.992911392
2017-01-11,97.0,0.989291178
2017-01-12,95.25,0.981958763
2017-01-13,94.78,0.995065617
2017-01-16,91.29,0.963177886
2017-01-17,92.57,1.014021251
2017-01-18,92.69,1.001296316
2017-01-19,91.99,0.992447945
2017-01-20,93.62,1.017719317
2017-01-23,94.09,1.005020295
2017-01-24,94.09,1.0
2017-01-25,93.62,0.995004783
2017-01-26,94.55,1.009933775
2017-02-03,94.2,0.996298255
2017-02-06,94.43,1.002441614
2017-02-07,103.88,1.100074129
2017-02-08,114.25,1.099826723
2017-02-09,120.67,1.05619256
2017-02-10,115.77,0.959393387
2017-02-13,111.57,0.963721171
2017-02-14,110.06,0.986465896
2017-02-15,110.06,1.0
2017-02-16,107.49,0.9766491
2017-02-17,106.09,0.986975533
2017-02-20,107.84,1.016495428
2017-02-21,107.26,0.994621662
2017-02-22,105.86,0.986947604
2017-02-23,106.44,1.005478934
2017-02-24,106.91,1.004415633
2017-02-27,103.53,0.9683846229999999
2017-02-28,104.46,1.008982904
2017-03-01,103.65,0.992245836
2017-03-02,103.18,0.995465509
2017-03-03,103.65,1.004555146
2017-03-06,104.81,1.01119151
2017-03-07,103.65,0.988932354
2017-03-08,103.76,1.001061264
2017-03-09,102.95,0.992193524
2017-03-10,102.83,0.998834386
2017-03-13,103.3,1.004570651
2017-03-14,102.48,0.992061955
2017-03-15,101.55,0.990925059
2017-03-16,102.95,1.013786312
2017-03-17,101.66,0.987469645
2017-03-20,102.95,1.012689357
2017-03-21,103.53,1.005633803
2017-03-22,102.01,0.985318265
2017-03-23,99.8,0.978335457
2017-03-24,100.03,1.002304609
2017-03-27,100.96,1.009297211
2017-03-28,101.08,1.00118859
2017-03-29,99.8,0.987336763
2017-03-30,95.48,0.956713427
2017-03-31,95.72,1.002513615
2017-04-05,97.35,1.017028834
2017-04-06,97.23,0.998767334
2017-04-07,97.12,0.998868662
2017-04-10,95.37,0.981981054
2017-04-11,96.3,1.009751494
2017-04-12,95.02,0.986708204
2017-04-13,95.02,1.0
2017-04-14,93.74,0.986529152
2017-04-17,91.99,0.981331342
2017-04-18,91.05,0.989781498
2017-04-19,88.61,0.973201538
2017-04-20,88.14,0.994695858
2017-04-21,88.37,1.002609485
2017-04-24,83.36,0.943306552
2017-04-25,83.94,1.006957774
2017-04-26,83.01,0.988920658
2017-04-27,82.66,0.995783641
2017-04-28,83.24,1.007016695
2017-05-02,84.64,1.016818837
2017-05-03,84.41,0.997282609
2017-05-04,84.06,0.995853572
2017-05-05,82.43,0.980609089
2017-05-08,80.33,0.974523838
2017-05-09,81.73,1.017428109
2017-05-10,80.33,0.982870427
2017-05-11,78.46,0.976721026
2017-05-12,77.76,0.991078256
2017-05-15,78.0,1.00308642
2017-05-16,79.98,1.025384615
2017-05-17,80.68,1.008752188
2017-05-18,79.98,0.991323748
2017-05-19,80.09,1.001375344
2017-05-22,78.0,0.973904358
2017-05-23,74.15,0.950641026
2017-05-24,75.78,1.021982468
2017-05-25,76.01,1.003035102
2017-05-26,75.78,0.996974082
2017-05-31,75.2,0.992346266
2017-06-01,72.75,0.967420213
2017-06-02,73.8,1.01443299
2017-06-05,74.27,1.006368564
2017-06-06,74.85,1.007809344
2017-06-07,76.25,1.018704075
2017-06-08,75.9,0.995409836
2017-06-09,76.25,1.004611331
2017-06-12,74.85,0.981639344
2017-06-13,76.01,1.015497662
2017-06-14,76.36,1.004604657
2017-06-15,78.35,1.026060765
2017-06-16,78.46,1.001403957
2017-06-19,78.58,1.001529442
2017-06-20,78.35,0.997073047
2017-06-21,78.0,0.995532865
2017-06-22,76.36,0.978974359
2017-06-23,76.25,0.998559455
2017-06-26,77.41,1.0152131149999999
2017-06-27,77.3,0.998578995
2017-06-28,76.6,0.990944373
2017-06-29,76.95,1.004569191
2017-06-30,77.88,1.01208577
2017-07-03,78.93,1.01348228
2017-07-04,78.7,0.997086026
2017-07-05,79.28,1.007369759
2017-07-06,78.93,0.995585267
2017-07-07,80.11,1.014949956
2017-07-10,79.28,0.989639246
2017-07-11,78.1,0.985116044
2017-07-12,77.75,0.995518566
2017-07-13,77.75,1.0
2017-07-14,77.39,0.995369775
2017-07-17,73.13,0.944954128
2017-07-18,73.72,1.008067824
2017-07-19,75.02,1.017634292
2017-07-20,75.85,1.011063716
2017-07-21,75.38,0.99380356
2017-07-24,75.5,1.001591934
2017-07-25,75.73,1.003046358
2017-07-26,75.62,0.998547471
2017-07-27,77.15,1.020232743
2017-07-28,76.56,0.99235256
2017-07-31,76.8,1.003134796
2017-08-01,76.92,1.0015625
2017-08-02,75.26,0.978419137
2017-08-03,75.73,1.006245017
2017-08-04,75.38,0.995378318
2017-08-07,75.73,1.004643141
2017-08-08,76.33,1.007922884
2017-08-09,82.01,1.07441373
2017-08-10,81.65,0.995610291
2017-08-11,81.65,1.0
2017-08-14,83.19,1.018860992
2017-08-15,82.12,0.987137877
2017-08-16,82.95,1.01010716
2017-08-17,82.24,0.991440627
2017-08-18,81.53,0.991366732
2017-08-21,83.78,1.027597203
2017-08-22,82.83,0.988660778
2017-08-23,82.12,0.991428226
2017-08-24,80.47,0.979907453
2017-08-25,80.59,1.001491239
2017-08-28,81.41,1.01017496
2017-08-29,83.19,1.021864636
2017-08-30,83.54,1.004207236
2017-08-31,83.19,0.99581039
2017-09-01,83.54,1.004207236
2017-09-04,84.96,1.016997845
2017-09-05,84.37,0.993055556
2017-09-06,84.73,1.00426692
2017-09-07,83.43,0.984657146
2017-09-08,83.07,0.995685005
2017-09-11,83.43,1.004333694
2017-09-12,83.07,0.995685005
2017-09-13,82.24,0.990008427
2017-09-14,83.07,1.010092412
2017-09-15,82.83,0.99711087
2017-09-18,82.72,0.998671979
2017-09-19,82.24,0.994197292
2017-09-20,82.36,1.001459144
2017-09-21,81.89,0.994293346
2017-09-22,81.06,0.989864452
2017-09-25,79.28,0.978040957
2017-09-26,79.88,1.007568113
2017-09-27,80.35,1.005883826
2017-09-28,81.41,1.013192284
2017-09-29,81.3,0.998648815
2017-10-09,81.77,1.005781058
2017-10-10,82.48,1.008682891
2017-10-11,83.19,1.008608147
2017-10-12,84.96,1.021276596
2017-10-13,85.91,1.011181733
2017-10-16,84.25,0.980677453
2017-10-17,85.08,1.009851632
2017-10-18,82.48,0.969440527
2017-10-19,80.59,0.977085354
2017-10-20,81.53,1.011663978
2017-10-23,82.12,1.0072366
2017-10-24,82.01,0.998660497
2017-10-25,82.72,1.008657481
2017-10-26,83.07,1.004231141
2017-10-27,82.72,0.995786686
2017-10-30,82.95,1.002780464
2017-10-31,84.02,1.012899337
2017-11-01,83.19,0.9901214
2017-11-02,81.41,0.978603197
2017-11-03,81.06,0.995700774
2017-11-06,81.41,1.004317789
2017-11-07,81.41,1.0
2017-11-08,81.06,0.995700774
2017-11-09,81.06,1.0
2017-11-10,80.59,0.994201826
2017-11-13,79.4,0.9852339
2017-11-14,79.17,0.997103275
2017-11-15,78.69,0.993937097
2017-11-16,79.17,1.006099886
2017-11-17,75.73,0.956549198
2017-11-20,76.92,1.01571372
2017-11-21,76.92,1.0
2017-11-22,74.55,0.969188768
2017-11-23,71.59,0.960295104
2017-11-24,70.05,0.978488616
2017-11-27,70.29,1.003426124
2017-11-28,71.0,1.01010101
2017-11-29,70.41,0.991690141
2017-11-30,71.0,1.008379492
2017-12-01,71.95,1.013380282
2017-12-04,72.07,1.001667825
2017-12-05,72.3,1.003191342
2017-12-06,76.92,1.063900415
2017-12-07,80.7,1.049141966
2017-12-08,80.94,1.002973978
2017-12-11,80.11,0.98974549
2017-12-12,83.54,1.042816128
2017-12-13,82.72,0.990184343
2017-12-14,84.73,1.024298839
2017-12-15,84.14,0.993036705
2017-12-18,84.73,1.007012123
2017-12-19,88.16,1.04048153
2017-12-20,81.65,0.926156987
2017-12-21,80.35,0.984078383
2017-12-22,79.99,0.995519602
2017-12-25,80.11,1.001500188
2017-12-26,80.47,1.004493821
2017-12-27,80.35,0.998508761
2017-12-28,79.52,0.989670193
2017-12-29,79.99,1.005910463
2018-01-02,79.99,1.0
2018-01-03,79.99,1.0
2018-01-04,79.76,0.997124641
2018-01-05,79.28,0.993981946
2018-01-08,78.81,0.994071645
2018-01-09,77.27,0.980459333
2018-01-10,76.68,0.992364436
2018-01-11,76.8,1.001564945
2018-01-12,76.8,1.0
2018-01-15,75.85,0.987630208
2018-01-16,78.93,1.04060646
2018-01-17,77.86,0.986443684
2018-01-18,82.83,1.06383252
2018-01-19,75.5,0.9115054929999999
2018-01-22,72.07,0.954569536
2018-01-23,70.53,0.978631886
2018-01-24,70.41,0.998298596
2018-01-25,70.76,1.004970885
2018-01-26,71.71,1.013425664
2018-01-29,70.76,0.986752196
2018-01-30,71.0,1.003391747
2018-01-31,71.47,1.006619718
2018-02-01,69.58,0.973555338
2018-02-02,70.17,1.0084794480000001
2018-02-05,69.46,0.989881716
2018-02-06,67.57,0.972790095
2018-02-07,67.45,0.998224064
2018-02-08,68.04,1.00874722
2018-02-09,67.45,0.99132863
2018-02-12,67.21,0.996441809
2018-02-13,67.1,0.998363339
2018-02-14,67.69,1.008792846
2018-02-22,68.87,1.017432412
2018-02-23,69.34,1.006824452
2018-02-26,71.0,1.023940006
2018-02-27,70.76,0.996619718
2018-02-28,72.3,1.021763708
2018-03-01,72.18,0.998340249
2018-03-02,71.95,0.996813522
2018-03-05,72.54,1.008200139
2018-03-06,72.89,1.004824924
2018-03-07,71.83,0.985457539
2018-03-08,71.47,0.994988167
2018-03-09,74.43,1.041415979
2018-03-12,75.26,1.011151417
2018-03-13,74.31,0.987377093
2018-03-14,73.84,0.993675145
2018-03-15,74.67,1.01124052
2018-03-16,74.31,0.995178787
2018-03-19,75.38,1.014399139
2018-03-20,75.38,1.0
2018-03-21,75.14,0.996816132
2018-03-22,74.43,0.990550972
2018-03-23,71.59,0.961843343
2018-03-26,74.43,1.039670345
2018-03-27,73.96,0.993685342
2018-03-28,73.13,0.988777718
2018-03-29,77.04,1.05346643
2018-03-30,79.17,1.027647975
2018-04-02,79.99,1.010357459
2018-04-03,78.69,0.983747968
2018-04-04,78.22,0.994027195
2018-04-09,77.63,0.992457172
2018-04-10,78.22,1.007600155
2018-04-11,78.93,1.009076962
2018-04-12,77.75,0.985050044
2018-04-13,76.8,0.98778135
2018-04-16,76.8,1.0
2018-04-17,76.33,0.993880208
2018-04-18,81.65,1.069697367
2018-04-19,82.83,1.014451929
2018-04-20,82.36,0.994325727
2018-04-23,83.43,1.012991744
2018-04-24,86.38,1.035358984
2018-04-25,91.35,1.057536467
2018-04-26,87.45,0.957307061
2018-04-27,89.7,1.025728988
2018-05-02,80.7,0.899665552
2018-05-03,72.66,0.900371747
2018-05-04,71.12,0.978805395
2018-05-07,70.88,0.996625422
2018-05-08,70.76,0.998306998
2018-05-09,69.82,0.986715659
2018-05-10,69.7,0.998281295
2018-05-11,69.7,1.0
2018-05-14,68.87,0.988091822
2018-05-15,68.87,1.0
2018-05-16,68.4,0.993175548
2018-05-17,68.99,1.008625731
2018-05-18,68.87,0.998260617
2018-05-21,69.46,1.008566865
2018-05-22,69.34,0.998272387
2018-05-23,68.52,0.988174214
2018-05-24,67.92,0.991243433
2018-05-25,66.98,0.986160188
2018-05-28,66.98,1.0
2018-05-29,67.81,1.012391759
2018-05-30,68.16,1.005161481
2018-05-31,71.12,1.04342723
2018-06-01,69.94,0.983408324
2018-06-04,69.7,0.996568487
2018-06-05,66.74,0.957532281
2018-06-06,66.03,0.989361702
2018-06-07,65.2,0.987429956
2018-06-08,63.55,0.974693252
2018-06-11,63.43,0.998111723
2018-06-12,63.78,1.005517894
2018-06-13,63.9,1.001881468
2018-06-14,63.31,0.990766823
2018-06-15,61.42,0.970146896
2018-06-19,55.38,0.901660697
2018-06-20,56.21,1.01498736
2018-06-21,55.14,0.980964241
2018-06-22,56.21,1.019405151
2018-06-25,56.09,0.997865149
2018-06-26,56.33,1.004278838
2018-06-27,56.33,1.0
2018-06-28,55.74,0.989526007
2018-06-29,56.68,1.016864011
2018-07-02,56.21,0.991707833
2018-07-03,57.04,1.014766056
2018-07-04,55.97,0.981241234
2018-07-05,54.08,0.96623191
2018-07-06,53.49,0.989090237
2018-07-09,56.56,1.057393905
2018-07-10,55.62,0.983380481
2018-07-11,55.02,0.989212513
2018-07-12,56.1,1.019629226
2018-07-13,56.33,1.004099822
2018-07-16,55.98,0.993786615
2018-07-17,55.98,1.0
2018-07-18,56.1,1.002143623
2018-07-19,55.38,0.987165775
2018-07-20,56.57,1.021487902
2018-07-23,57.17,1.010606328
2018-07-24,58.73,1.027287039
2018-07-25,58.61,0.997956751
2018-07-26,60.17,1.026616618
2018-07-27,58.73,0.976067808
2018-07-30,58.13,0.989783756
2018-07-31,59.09,1.016514708
2018-08-01,58.13,0.983753596
2018-08-02,56.81,0.977292276
2018-08-03,56.22,0.989614504
2018-08-06,55.38,0.985058698
2018-08-07,56.33,1.017154207
2018-08-08,55.62,0.987395704
2018-08-09,57.41,1.032182668
2018-08-10,57.53,1.002090228
2018-08-13,56.93,0.989570659
2018-08-14,56.93,1.0
2018-08-15,55.74,0.979097137
2018-08-16,55.5,0.995694295
2018-08-17,56.33,1.014954955
2018-08-20,55.86,0.991656311
2018-08-21,55.98,1.002148228
2018-08-22,55.98,1.0
2018-08-23,56.1,1.002143623
2018-08-24,56.33,1.004099822
2018-08-27,56.93,1.010651518
2018-08-28,57.17,1.004215703
2018-08-29,57.05,0.997900997
2018-08-30,56.33,0.987379492
2018-08-31,56.33,1.0
2018-09-03,57.77,1.025563643
2018-09-04,57.41,0.993768392
2018-09-05,57.41,1.0
2018-09-06,56.81,0.989548859
2018-09-07,56.81,1.0
2018-09-10,55.98,0.985389896
2018-09-11,56.1,1.002143623
2018-09-12,55.62,0.99144385
2018-09-13,55.38,0.995685005
2018-09-14,54.54,0.984832069
2018-09-17,54.42,0.99779978
2018-09-18,54.9,1.008820287
2018-09-19,54.78,0.997814208
2018-09-20,55.38,1.010952903
2018-09-21,56.33,1.017154207
2018-09-25,56.1,0.995916918
2018-09-26,56.45,1.006238859
2018-09-27,55.98,0.991674048
2018-09-28,56.45,1.008395856
2018-10-08,55.74,0.987422498
2018-10-09,55.38,0.993541442
2018-10-10,55.02,0.993499458
2018-10-11,51.54,0.936750273
2018-10-12,51.9,1.006984866
2018-10-15,51.42,0.990751445
2018-10-16,51.18,0.995332555
2018-10-17,50.82,0.992966002
2018-10-18,50.34,0.9905549
2018-10-19,50.94,1.011918951
2018-10-22,52.38,1.028268551
2018-10-23,51.66,0.986254296
2018-10-24,51.54,0.99767712
2018-10-25,51.06,0.990686845
2018-10-26,51.78,1.014101058
2018-10-29,51.78,1.0
2018-10-30,52.5,1.013904983
2018-10-31,52.86,1.006857143
2018-11-01,52.38,0.9909194100000001
2018-11-02,53.1,1.013745704
2018-11-05,53.1,1.0
2018-11-06,53.22,1.002259887
2018-11-07,53.58,1.006764374
2018-11-08,53.22,0.993281075
2018-11-09,53.46,1.004509583
2018-11-12,54.3,1.015712682
2018-11-13,55.5,1.022099448
2018-11-14,54.78,0.987027027
2018-11-15,55.38,1.010952903
2018-11-16,55.86,1.008667389
2018-11-19,56.33,1.008413892
2018-11-20,54.9,0.974613882
2018-11-21,55.02,1.002185792
2018-11-22,56.22,1.021810251
2018-11-23,60.65,1.078797581
2018-11-26,61.61,1.015828524
2018-11-27,58.37,0.947411135
2018-11-28,56.93,0.975329793
2018-11-29,55.14,0.968557878
2018-11-30,53.94,0.978237214
2018-12-03,55.02,1.020022247
2018-12-04,55.14,1.002181025
2018-12-05,54.18,0.982589771
2018-12-06,53.1,0.980066445
2018-12-07,53.94,1.015819209
2018-12-10,53.1,0.984427141
2018-12-11,53.7,1.011299435
2018-12-12,54.3,1.011173184
2018-12-13,54.54,1.00441989
2018-12-14,51.3,0.940594059
2018-12-17,51.42,1.002339181
2018-12-18,51.42,1.0
2018-12-19,51.06,0.992998833
2018-12-20,51.3,1.004700353
2018-12-21,50.7,0.988304094
2018-12-24,50.82,1.002366864
2018-12-25,49.86,0.981109799
2018-12-26,49.98,1.002406739
2018-12-27,49.26,0.985594238
2018-12-28,49.26,1.0
2019-01-02,50.58,1.02679659
2019-01-03,50.7,1.002372479
2019-01-04,51.78,1.021301775
2019-01-07,52.14,1.006952491
2019-01-08,51.78,0.993095512
2019-01-09,52.38,1.011587486
2019-01-10,52.02,0.993127148
2019-01-11,52.74,1.01384083
2019-01-14,52.02,0.986348123
2019-01-15,52.38,1.006920415
2019-01-16,52.38,1.0
2019-01-17,51.54,0.983963345
2019-01-18,51.9,1.006984866
2019-01-21,52.14,1.004624277
2019-01-22,51.78,0.993095512
2019-01-23,52.02,1.004634994
2019-01-24,52.5,1.00922722
2019-01-25,53.22,1.013714286
2019-01-28,53.1,0.997745209
2019-01-29,52.26,0.984180791
2019-01-30,51.66,0.988518944
2019-01-31,51.06,0.988385598
2019-02-01,52.02,1.01880141
2019-02-11,53.22,1.023068051
2019-02-12,53.46,1.004509583
2019-02-13,55.38,1.035914703
2019-02-14,55.26,0.997833153
2019-02-15,55.86,1.010857763
2019-02-18,56.57,1.012710347
2019-02-19,56.45,0.997878734
2019-02-20,56.45,1.0
2019-02-21,56.33,0.997874225
2019-02-22,57.17,1.014912125
2019-02-25,58.85,1.029386042
2019-02-26,58.37,0.99184367
2019-02-27,57.77,0.989720747
2019-02-28,58.25,1.008308811
2019-03-01,58.37,1.002060086
2019-03-04,58.61,1.004111701
2019-03-05,59.09,1.008189729
2019-03-06,60.41,1.022338805
2019-03-07,61.73,1.021850687
2019-03-08,58.73,0.951401264
2019-03-11,60.29,1.026562234
2019-03-12,61.25,1.015923039
2019-03-13,60.29,0.984326531
2019-03-14,58.25,0.966163543
2019-03-15,58.97,1.012360515
2019-03-18,60.65,1.028489062
2019-03-19,60.77,1.001978566
2019-03-20,61.01,1.003949317
2019-03-21,63.53,1.041304704
2019-03-22,64.61,1.016999843
2019-03-25,66.04,1.022132797
2019-03-26,64.85,0.981980618
2019-03-27,65.08,1.003546646
2019-03-28,63.77,0.979870928
2019-03-29,64.61,1.013172338
2019-04-01,66.64,1.031419285
2019-04-02,67.84,1.018007203
2019-04-03,68.56,1.010613208
2019-04-04,68.44,0.998249708
2019-04-08,70.6,1.031560491
2019-04-09,72.88,1.0322946179999999
2019-04-10,74.31,1.019621295
2019-04-11,72.04,0.969452294
2019-04-12,73.36,1.018323154
2019-04-15,73.12,0.996728462
2019-04-16,74.67,1.021198031
2019-04-17,73.36,0.98245614
2019-04-18,73.36,1.0
2019-04-19,72.16,0.983642312
2019-04-22,71.2,0.986696231
2019-04-23,70.12,0.984831461
2019-04-24,70.0,0.998288648
2019-04-25,67.12,0.958857143
2019-04-26,66.16,0.985697259
2019-04-29,67.84,1.025392987
2019-04-30,67.72,0.998231132
2019-05-06,62.21,0.918635558
2019-05-07,62.45,1.003857901
2019-05-08,65.2,1.044035228
2019-05-09,65.92,1.011042945
2019-05-10,67.96,1.030946602
2019-05-13,69.76,1.026486168
2019-05-14,68.56,0.982798165
2019-05-15,70.24,1.024504084
2019-05-16,70.72,1.006833713
2019-05-17,70.0,0.989819005
2019-05-20,69.52,0.993142857
2019-05-21,70.36,1.012082854
2019-05-22,70.36,1.0
2019-05-23,69.16,0.982944855
2019-05-24,70.6,1.020821284
2019-05-27,71.32,1.0101983
2019-05-28,71.56,1.003365115
2019-05-29,71.92,1.005030743
2019-05-30,70.48,0.979977753
2019-05-31,69.52,0.986379115
2019-06-03,69.16,0.994821634
2019-06-04,67.72,0.979178716
2019-06-05,63.17,0.9328115770000001
2019-06-06,62.69,0.992401456
2019-06-10,60.41,0.963630563
2019-06-11,63.41,1.049660652
2019-06-12,63.05,0.994322662
2019-06-13,62.93,0.998096749
2019-06-14,61.37,0.975210551
2019-06-17,60.77,0.990223236
2019-06-18,60.65,0.998025341
2019-06-19,61.49,1.013849959
2019-06-20,62.45,1.015612295
2019-06-21,63.65,1.019215372
2019-06-24,64.49,1.013197172
2019-06-25,62.45,0.968367189
2019-06-26,63.89,1.023058447
2019-06-27,65.08,1.018625763
2019-06-28,65.32,1.003687769
2019-07-01,67.84,1.038579302
2019-07-02,69.16,1.019457547
2019-07-03,71.08,1.027761712
2019-07-04,70.6,0.993247046
2019-07-05,70.12,0.993201133
2019-07-08,67.48,0.962350257
2019-07-09,66.4,0.983995258
2019-07-10,66.16,0.996385542
2019-07-11,66.28,1.001813785
2019-07-12,66.28,1.0
2019-07-15,67.96,1.025347013
2019-07-16,68.44,1.007062978
2019-07-17,68.2,0.996493279
2019-07-18,67.6,0.991202346
2019-07-19,67.72,1.001775148
2019-07-22,66.25,0.978292971
2019-07-23,65.01,0.981283019
2019-07-24,65.14,1.001999692
2019-07-25,64.4,0.988639853
2019-07-26,65.14,1.011490683
2019-07-29,65.01,0.998004298
2019-07-30,65.14,1.001999692
2019-07-31,64.65,0.99247774
2019-08-01,63.17,0.977107502
2019-08-02,63.41,1.003799272
2019-08-05,61.94,0.976817537
2019-08-06,60.58,0.978043268
2019-08-07,60.95,1.006107626
2019-08-08,60.46,0.991960623
2019-08-09,60.83,1.006119749
2019-08-12,60.58,0.995890186
2019-08-13,60.95,1.006107626
2019-08-14,62.18,1.020180476
2019-08-15,61.69,0.992119653
2019-08-16,61.69,1.0
2019-08-19,63.66,1.031933863
2019-08-20,65.63,1.030945649
2019-08-21,66.86,1.018741429
2019-08-22,68.22,1.020341011
2019-08-23,65.88,0.965699208
2019-08-26,65.01,0.986794171
2019-08-27,65.51,1.007691124
2019-08-28,64.89,0.990535796
2019-08-29,64.4,0.992448759
2019-08-30,64.4,1.0
2019-09-02,64.4,1.0
2019-09-03,63.78,0.990372671
2019-09-04,64.65,1.01364064
2019-09-05,64.52,0.997989172
2019-09-06,64.28,0.996280223
2019-09-09,64.65,1.005756067
2019-09-10,65.75,1.017014695
2019-09-11,64.77,0.985095057
2019-09-12,64.52,0.996140188
2019-09-16,64.28,0.996280223
2019-09-17,62.68,0.975108899
2019-09-18,62.43,0.996011487
2019-09-19,62.8,1.005926638
2019-09-20,62.55,0.996019108
2019-09-23,61.94,0.990247802
2019-09-24,62.18,1.003874717
2019-09-25,61.94,0.996140238
2019-09-26,60.34,0.97416855
2019-09-27,60.95,1.01010938
2019-09-30,61.07,1.001968827
2019-10-08,62.06,1.016210906
2019-10-09,62.55,1.007895585
2019-10-10,62.18,0.994084732
2019-10-11,62.55,1.005950466
2019-10-14,62.55,1.0
2019-10-15,61.32,0.980335731
2019-10-16,60.95,0.99396608
2019-10-17,59.6,0.977850697
2019-10-18,58.98,0.989597315
2019-10-21,58.61,0.993726687
2019-10-22,59.35,1.012625832
2019-10-23,58.73,0.989553496
2019-10-24,59.35,1.010556785
2019-10-25,59.6,1.0042123
2019-10-28,61.44,1.030872483
2019-10-29,61.44,1.0
2019-10-30,63.78,1.038085938
2019-10-31,62.8,0.984634682
2019-11-01,62.55,0.996019108
2019-11-04,63.29,1.011830536
2019-11-05,63.91,1.009796176
2019-11-06,63.66,0.996088249
2019-11-07,63.66,1.0
2019-11-08,63.66,1.0
2019-11-11,63.04,0.99026076
2019-11-12,63.17,1.002062183
2019-11-13,63.29,1.001899636
2019-11-14,61.57,0.972823511
2019-11-15,61.57,1.0
2019-11-18,61.57,1.0
2019-11-19,61.69,1.001949001
2019-11-20,61.81,1.00194521
2019-11-21,61.81,1.0
2019-11-22,61.57,0.996117133
2019-11-25,64.28,1.044014942
2019-11-26,65.14,1.013378967
2019-11-27,65.88,1.011360147
2019-11-28,64.15,0.973740134
2019-11-29,64.4,1.003897116
2019-12-02,64.15,0.996118012
2019-12-03,65.14,1.01543258
2019-12-04,66.0,1.013202333
2019-12-05,65.75,0.996212121
2019-12-06,66.37,1.009429658
2019-12-09,65.14,0.981467531
2019-12-10,63.91,0.981117593
2019-12-11,63.54,0.994210609
2019-12-12,63.78,1.003777148
2019-12-13,65.75,1.030887426
2019-12-16,65.63,0.998174905
2019-12-17,65.88,1.003809234
2019-12-18,64.89,0.984972678
2019-12-19,64.03,0.986746802
2019-12-20,62.18,0.971107293
2019-12-23,60.46,0.972338372
2019-12-24,60.46,1.0
2019-12-25,60.34,0.998015217
2019-12-26,60.09,0.995856811
2019-12-27,60.09,1.0
2019-12-30,60.46,1.006157431
2019-12-31,60.34,0.998015217
2020-01-02,61.32,1.016241299
2020-01-03,61.07,0.995923027
2020-01-06,60.95,0.998035042
2020-01-07,61.44,1.008039377
2020-01-08,60.34,0.982096354
2020-01-09,60.83,1.00812065
2020-01-10,60.7,0.997862897
2020-01-13,61.44,1.012191104
2020-01-14,62.8,1.022135417
2020-01-15,61.57,0.980414013
2020-01-16,62.06,1.007958421
2020-01-17,61.44,0.990009668
2020-01-20,61.2,0.99609375
2020-01-21,60.83,0.993954248
2020-01-22,60.7,0.997862897
2020-01-23,59.97,0.987973641
2020-02-03,53.93,0.899282975
2020-02-04,48.88,0.906360096
2020-02-05,50.12,1.025368249
2020-02-06,50.73,1.01217079
2020-02-07,52.82,1.041198502
2020-02-10,54.06,1.023475956
2020-02-11,54.43,1.006844247
2020-02-12,54.67,1.004409333
2020-02-13,54.3,0.99323212
2020-02-14,53.07,0.977348066
2020-02-17,54.3,1.023176936
2020-02-18,54.79,1.009023941
2020-02-19,54.55,0.995619639
2020-02-20,55.53,1.01796517
2020-02-21,55.29,0.995678012
2020-02-24,54.79,0.990956773
2020-02-25,55.04,1.004562876
2020-02-26,58.98,1.071584302
2020-02-27,64.89,1.100203459
2020-02-28,66.25,1.020958545
2020-03-02,65.01,0.981283019
2020-03-03,64.15,0.986771266
2020-03-04,62.92,0.980826189
2020-03-05,63.78,1.01366815
2020-03-06,70.19,1.100501725
2020-03-09,68.95,0.982333666
2020-03-10,65.01,0.942857143
2020-03-11,62.68,0.96415936
2020-03-12,64.03,1.021537971
2020-03-13,59.84,0.934561924
2020-03-16,59.23,0.98980615
2020-03-17,56.76,0.95829816
2020-03-18,54.92,0.967582805
2020-03-19,54.18,0.986525856
2020-03-20,55.29,1.020487265
2020-03-23,54.92,0.993308012
2020-03-24,55.04,1.002184996
2020-03-25,56.76,1.03125
2020-03-26,55.9,0.984848485
2020-03-27,59.84,1.070483005
2020-03-30,56.89,0.950701872
2020-03-31,54.67,0.960977325
2020-04-01,53.93,0.98646424
2020-04-02,54.55,1.011496384
2020-04-03,55.29,1.013565536
2020-04-07,56.27,1.017724724
2020-04-08,56.52,1.004442865
2020-04-09,56.27,0.995576787
2020-04-10,54.92,0.97600853
2020-04-13,55.66,1.013474144
2020-04-14,55.78,1.002155947
2020-04-15,55.16,0.988884905
2020-04-16,54.18,0.982233503
2020-04-17,54.18,1.0
2020-04-20,54.3,1.002214839
2020-04-21,54.43,1.002394107
2020-04-22,54.67,1.004409333
2020-04-23,54.92,1.004572892
2020-04-24,53.93,0.98197378
2020-04-27,52.58,0.974967551
2020-04-28,51.47,0.978889312
2020-04-29,51.84,1.007188654
2020-04-30,52.95,1.021412037
2020-05-06,53.32,1.006987724
2020-05-07,52.82,0.990622656
2020-05-08,58.12,1.10034078
2020-05-11,59.1,1.016861666
2020-05-12,65.01,1.1
2020-05-13,71.54,1.100446085
2020-05-14,78.68,1.099804305
2020-05-15,86.56,1.100152517
2020-05-18,95.18,1.099584104
2020-05-19,104.66,1.099600756
2020-05-20,115.13,1.100038219
2020-05-21,118.95,1.033179884
2020-05-22,109.59,0.921311475
2020-05-25,98.63,0.899990875
2020-05-26,95.06,0.963804116
2020-05-27,100.11,1.053124343
2020-05-28,90.87,0.907701528
2020-05-29,97.15,1.069109717
2020-06-01,101.71,1.046937725
2020-06-02,98.01,0.963622063
2020-06-03,104.42,1.06540149
2020-06-04,98.38,0.942156675
2020-06-05,88.53,0.8998780239999999
2020-06-08,81.02,0.915169999
2020-06-09,81.76,1.009133547
2020-06-10,80.53,0.984955969
2020-06-11,79.42,0.986216317
2020-06-12,78.68,0.990682448
2020-06-15,81.15,1.031392984
2020-06-16,79.3,0.977202711
2020-06-17,81.02,1.021689786
2020-06-18,76.22,0.940755369
2020-06-19,75.85,0.995145631
2020-06-22,75.73,0.99841793
2020-06-23,76.96,1.016241912
2020-06-24,73.63,0.956730769
2020-06-29,72.16,0.980035312
2020-06-30,73.39,1.017045455
2020-07-01,72.9,0.993323341
2020-07-02,73.88,1.013443073
2020-07-03,75.11,1.016648619
2020-07-06,77.94,1.037678072
2020-07-07,81.64,1.047472415
2020-07-08,80.28,0.983341499
2020-07-09,82.87,1.032262083
2020-07-10,80.41,0.970314951
2020-07-13,87.18,1.084193508
2020-07-14,85.09,0.976026612
2020-07-15,81.15,0.953696086
2020-07-16,77.33,0.9529266789999999
2020-07-17,77.07,0.996637786
2020-07-20,78.22,1.0149215
2020-07-21,80.13,1.024418307
2020-07-22,78.85,0.984025958
2020-07-23,76.69,0.972606214
2020-07-24,71.61,0.933759291
2020-07-27,70.71,0.987431923
2020-07-28,72.37,1.02347617
2020-07-29,73.64,1.017548708
2020-07-30,72.37,0.982753938
2020-07-31,74.15,1.024595827
2020-08-03,75.55,1.018880647
2020-08-04,73.89,0.978027796
2020-08-05,74.53,1.008661524
2020-08-06,73.26,0.982959882
2020-08-07,71.61,0.977477477
2020-08-10,72.75,1.015919564
2020-08-11,70.71,0.971958763
2020-08-12,70.21,0.992928864
2020-08-13,71.48,1.018088591
2020-08-14,73.64,1.030218243
2020-08-17,74.02,1.005160239
2020-08-18,74.28,1.003512564
2020-08-19,72.62,0.977652127
2020-08-20,71.22,0.980721564
2020-08-21,71.22,1.0
2020-08-24,70.71,0.99283909
2020-08-25,70.21,0.992928864
2020-08-26,68.93,0.981768979
2020-08-27,70.08,1.016683592
2020-08-28,70.33,1.003567352
2020-08-31,70.71,1.0054031
2020-09-01,70.08,0.991090369
2020-09-02,69.32,0.989155251
2020-09-03,68.43,0.987160992
2020-09-04,68.43,1.0
2020-09-07,67.41,0.985094257
2020-09-08,70.08,1.039608367
2020-09-09,68.43,0.976455479
2020-09-10,64.99,0.949729651
2020-09-11,64.74,0.996153254
2020-09-14,66.26,1.02347853
2020-09-15,68.17,1.028825838
2020-09-16,65.63,0.962740208
2020-09-17,66.9,1.019350907
2020-09-18,67.54,1.009566517
2020-09-21,69.7,1.031981048
2020-09-22,69.06,0.990817791
2020-09-23,68.04,0.985230235
2020-09-24,65.63,0.964579659
2020-09-25,65.63,1.0
2020-09-28,63.97,0.974706689
2020-09-29,64.74,1.012036892
2020-09-30,65.25,1.007877665
2020-10-09,66.14,1.013639847
2020-10-12,67.41,1.019201693
2020-10-13,67.79,1.005637146
2020-10-14,67.92,1.001917687
2020-10-15,69.06,1.016784452
2020-10-16,67.41,0.976107732
2020-10-19,68.55,1.016911437
2020-10-20,70.08,1.022319475
2020-10-21,74.15,1.058076484
2020-10-22,73.13,0.9862441
2020-10-23,71.35,0.975659784
2020-10-26,69.82,0.978556412
2020-10-27,66.9,0.958178172
2020-10-28,65.75,0.982810164
2020-10-29,64.48,0.980684411
2020-10-30,62.96,0.976426799
2020-11-02,63.97,1.016041931
2020-11-03,65.25,1.020009379
2020-11-04,64.1,0.982375479
2020-11-05,64.36,1.004056162
2020-11-06,63.08,0.980111871
2020-11-09,64.23,1.018230818
2020-11-10,63.47,0.988167523
2020-11-11,62.45,0.983929415
2020-11-12,61.3,0.981585268
2020-11-13,61.81,1.008319739
2020-11-16,61.94,1.00210322
2020-11-17,61.3,0.98966742
2020-11-18,61.81,1.008319739
2020-11-19,61.81,1.0
2020-11-20,61.3,0.991748908
2020-11-23,61.3,1.0
2020-11-24,63.34,1.033278956
2020-11-25,62.7,0.9898958
2020-11-26,62.45,0.996012759
2020-11-27,62.32,0.997918335
2020-11-30,61.68,0.989730424
2020-12-01,61.68,1.0
2020-12-02,60.92,0.98767834
2020-12-03,61.18,1.004267892
2020-12-04,61.05,0.997875123
2020-12-07,61.18,1.002129402
2020-12-08,60.92,0.995750245
2020-12-09,59.27,0.972915299
2020-12-10,58.38,0.984983972
2020-12-11,56.6,0.969510106
2020-12-14,62.32,1.101060071
2020-12-15,60.67,0.973523748
2020-12-16,58.51,0.964397561
2020-12-17,59.14,1.01076739
2020-12-18,57.36,0.969901928
2020-12-21,58.63,1.022140865
2020-12-22,64.48,1.099778271
2020-12-23,65.37,1.01380273
2020-12-24,63.21,0.96695732
2020-12-25,64.48,1.020091758
2020-12-28,63.97,0.992090571
2020-12-29,65.25,1.020009379
2020-12-30,63.34,0.970727969
2020-12-31,63.72,1.005999368
2021-01-04,59.14,0.928123038
2021-01-05,58.76,0.993574569
2021-01-06,60.16,1.023825732
2021-01-07,56.98,0.947140957
2021-01-08,55.96,0.982098982
2021-01-11,53.42,0.954610436
2021-01-12,53.16,0.995132909
2021-01-13,51.38,0.966516178
2021-01-14,51.51,1.002530167
2021-01-15,52.53,1.01980198
2021-01-18,52.91,1.007233962
2021-01-19,53.67,1.014364014
2021-01-20,53.29,0.992919694
2021-01-21,53.29,1.0
2021-01-22,51.64,0.969037343
2021-01-25,51.0,0.987606507
2021-01-26,51.26,1.005098039
2021-01-27,51.0,0.994927819
2021-01-28,51.89,1.01745098
2021-01-29,50.75,0.978030449
2021-02-01,50.24,0.989950739
2021-02-02,50.49,1.004976115
2021-02-03,49.6,0.982372747
2021-02-04,47.19,0.95141129
2021-02-05,47.06,0.997245179
2021-02-08,45.79,0.973013175
2021-02-09,47.06,1.027735313
2021-02-10,47.06,1.0
2021-02-18,49.47,1.05121122
2021-02-19,50.62,1.023246412
2021-02-22,51.26,1.012643224
2021-02-23,50.62,0.987514631
2021-02-24,50.49,0.997431845
2021-02-25,50.11,0.992473757
2021-02-26,50.49,1.007583317
2021-03-01,50.75,1.005149535
2021-03-02,50.49,0.994876847
2021-03-03,50.62,1.002574767
2021-03-04,50.37,0.995061241
2021-03-05,51.64,1.025213421
2021-03-08,51.76,1.00232378
2021-03-09,50.75,0.980486862
2021-03-10,49.6,0.977339901
2021-03-11,49.73,1.002620968
2021-03-12,49.73,1.0
2021-03-15,50.11,1.007641263
2021-03-16,50.62,1.010177609
2021-03-17,51.13,1.010075069
2021-03-18,52.65,1.029728144
2021-03-19,51.0,0.968660969
2021-03-22,50.62,0.99254902
2021-03-23,50.24,0.992493086
2021-03-24,50.49,1.004976115
2021-03-25,51.0,1.01010101
2021-03-26,52.27,1.024901961
2021-03-29,50.87,0.973215994
2021-03-30,49.86,0.980145469
2021-03-31,50.11,1.005014039
2021-04-01,55.07,1.098982239
2021-04-02,54.18,0.983838751
2021-04-06,52.4,0.967146549
2021-04-07,52.53,1.002480916
2021-04-08,51.38,0.978107748
2021-04-09,51.89,1.009926041
2021-04-12,51.38,0.990171517
2021-04-13,49.98,0.972752044
2021-04-14,51.0,1.020408163
2021-04-15,51.38,1.00745098
2021-04-16,52.53,1.02238225
2021-04-19,52.27,0.995050447
2021-04-20,52.02,0.995217142
2021-04-21,51.26,0.985390235
2021-04-22,51.51,1.004877097
2021-04-23,50.37,0.977868375
2021-04-26,50.75,1.007544173
2021-04-27,51.51,1.014975369
2021-04-28,52.53,1.01980198
2021-04-29,51.26,0.975823339
2021-04-30,50.75,0.990050722
2021-05-06,51.76,1.019901478
2021-05-07,51.64,0.997681607
2021-05-10,52.4,1.014717273
2021-05-11,52.15,0.995229008
2021-05-12,53.16,1.01936721
2021-05-13,52.53,0.988148984
2021-05-14,54.05,1.028935846
2021-05-17,52.53,0.971877891
2021-05-18,53.04,1.009708738
2021-05-19,52.4,0.987933635
2021-05-20,54.69,1.04370229
2021-05-21,53.8,0.983726458
2021-05-24,53.54,0.995167286
2021-05-25,55.07,1.028576765
2021-05-26,54.44,0.988560015
2021-05-27,54.44,1.0
2021-05-28,53.93,0.990631888
2021-05-31,54.18,1.004635639
2021-06-01,54.82,1.011812477
2021-06-02,56.22,1.025538125
2021-06-03,54.82,0.9750978299999999
2021-06-04,54.69,0.997628603
2021-06-07,54.05,0.988297678
2021-06-08,53.16,0.983533765
2021-06-09,53.29,1.002445448
2021-06-10,52.4,0.98329893
2021-06-11,51.64,0.985496183
2021-06-15,51.0,0.987606507
2021-06-16,51.39,1.007647059
2021-06-17,51.78,1.007589025
2021-06-18,52.03,1.004828119
2021-06-21,51.91,0.997693638
2021-06-22,51.39,0.989982662
2021-06-23,51.13,0.99494065
2021-06-24,50.74,0.992372384
2021-06-25,50.74,1.0
2021-06-28,51.39,1.012810406
2021-06-29,51.39,1.0
2021-06-30,51.26,0.997470325
2021-07-01,50.36,0.98244245
2021-07-02,50.1,0.994837172
2021-07-05,50.74,1.012774451
2021-07-06,52.16,1.02798581
2021-07-07,51.91,0.995207055
2021-07-08,51.39,0.989982662
2021-07-09,51.91,1.0101187
2021-07-12,51.78,0.997495666
2021-07-13,52.03,1.004828119
2021-07-14,52.16,1.002498559
2021-07-15,51.52,0.987730061
2021-07-16,51.13,0.992430124
2021-07-19,51.26,1.002542539
2021-07-20,51.78,1.010144362
2021-07-21,51.78,1.0
2021-07-22,52.16,1.007338741
2021-07-23,51.39,0.98523773
2021-07-26,50.49,0.982486865
2021-07-27,49.97,0.989700931
2021-07-28,48.68,0.974184511
2021-07-29,49.32,1.013147083
2021-07-30,49.45,1.002635848
2021-08-02,50.1,1.01314459
2021-08-03,50.61,1.010179641
2021-08-04,51.26,1.012843312
2021-08-05,50.87,0.992391728
2021-08-06,50.49,0.992529978
2021-08-09,51.26,1.015250545
2021-08-10,51.65,1.007608272
2021-08-11,51.65,1.0
2021-08-12,51.52,0.997483059
2021-08-13,51.52,1.0
2021-08-16,51.91,1.007569876
2021-08-17,52.16,1.004816028
2021-08-18,55.52,1.064417178
2021-08-19,61.07,1.099963977
2021-08-20,59.91,0.981005404
2021-08-23,56.04,0.935403105
2021-08-24,55.39,0.988401142
2021-08-25,55.78,1.007040982
2021-08-26,54.62,0.979204016
2021-08-27,55.13,1.009337239
2021-08-30,54.36,0.986033013
2021-08-31,53.45,0.98325975
2021-09-01,53.97,1.009728718
2021-09-02,54.23,1.004817491
2021-09-03,54.62,1.007191591
2021-09-06,54.75,1.002380081
2021-09-07,54.23,0.990502283
2021-09-08,55.52,1.023787571
2021-09-09,54.88,0.988472622
2021-09-10,53.84,0.981049563
2021-09-13,56.81,1.055163447
2021-09-14,54.88,0.966027108
2021-09-15,54.62,0.995262391
2021-09-16,53.45,0.978579275
2021-09-17,53.58,1.00243218
2021-09-22,53.33,0.99533408
2021-09-23,53.45,1.002250141
2021-09-24,51.39,0.961459308
2021-09-27,51.13,0.99494065
2021-09-28,51.26,1.002542539
2021-09-29,50.49,0.984978541
2021-09-30,51.13,1.012675777
2021-10-08,52.16,1.020144729
2021-10-11,51.91,0.995207055
2021-10-12,51.52,0.992486997
2021-10-13,51.91,1.007569876
2021-10-14,52.16,1.004816028
2021-10-15,50.87,0.975268405
2021-10-18,51.13,1.005111067
2021-10-19,51.26,1.002542539
2021-10-20,50.87,0.992391728
2021-10-21,51.0,1.002555534
2021-10-22,51.78,1.015294118
2021-10-25,51.26,0.989957513
2021-10-26,50.87,0.992391728
2021-10-27,49.45,0.972085709
2021-10-28,49.58,1.002628918
2021-10-29,50.61,1.020774506
2021-11-01,50.23,0.992491602
2021-11-02,49.06,0.976707147
2021-11-03,49.19,1.002649817
2021-11-04,49.58,1.007928441
2021-11-05,50.23,1.013110125
2021-11-08,51.13,1.017917579
2021-11-09,51.13,1.0
2021-11-10,51.26,1.002542539
2021-11-11,51.26,1.0
2021-11-12,51.0,0.994927819
2021-11-15,51.26,1.005098039
2021-11-16,51.39,1.002536091
2021-11-17,52.03,1.012453785
2021-11-18,51.65,0.992696521
2021-11-19,51.52,0.997483059
2021-11-22,50.36,0.977484472
2021-11-23,51.0,1.012708499
2021-11-24,52.42,1.027843137
2021-11-25,52.29,0.997520031
2021-11-26,52.03,0.99502773
2021-11-29,51.0,0.980203729
2021-11-30,51.0,1.0
2021-12-01,51.65,1.012745098
2021-12-02,51.13,0.989932236
2021-12-03,51.39,1.005085077
2021-12-06,50.23,0.977427515
2021-12-07,50.23,1.0
2021-12-08,50.36,1.002588095
2021-12-09,50.61,1.004964257
2021-12-10,50.49,0.997628927
2021-12-13,50.1,0.992275698
2021-12-14,50.36,1.005189621
2021-12-15,50.49,1.002581414
2021-12-16,50.87,1.007526243
2021-12-17,50.61,0.994888933
2021-12-20,50.87,1.005137325
2021-12-21,51.91,1.02044427
2021-12-22,51.52,0.992486997
2021-12-23,50.87,0.98738354
2021-12-24,50.36,0.989974445
2021-12-27,50.74,1.007545671
2021-12-28,50.74,1.0
2021-12-29,50.49,0.995072921
2021-12-30,50.61,1.002376708
2021-12-31,51.0,1.007705987
2022-01-04,52.16,1.022745098
2022-01-05,51.91,0.995207055
2022-01-06,52.29,1.007320362
2022-01-07,51.65,0.987760566
2022-01-10,52.81,1.022458858
2022-01-11,52.42,0.992615035
2022-01-12,53.33,1.017359786
2022-01-13,53.45,1.002250141
2022-01-14,52.94,0.990458372
2022-01-17,53.84,1.017000378
2022-01-18,52.42,0.973625557
2022-01-19,53.33,1.017359786
2022-01-20,51.78,0.970935683
2022-01-21,51.52,0.994978756
2022-01-24,49.97,0.969914596
2022-01-25,47.52,0.950970582
2022-01-26,47.39,0.99726431
2022-01-27,46.48,0.980797637
2022-01-28,47.64,1.024956971
2022-02-07,48.16,1.010915197
2022-02-08,49.32,1.024086379
2022-02-09,49.19,0.997364152
2022-02-10,48.81,0.992274853
2022-02-11,48.42,0.992009834
2022-02-14,48.81,1.008054523
2022-02-15,48.29,0.989346445
2022-02-16,48.94,1.013460344
2022-02-17,48.29,0.986718431
2022-02-18,48.68,1.008076206
2022-02-21,49.58,1.018488085
2022-02-22,48.68,0.981847519
2022-02-23,48.94,1.005341002
2022-02-24,47.64,0.973436861
2022-02-25,47.77,1.002728799
2022-02-28,47.26,0.989323843
2022-03-01,47.77,1.010791367
2022-03-02,48.42,1.013606866
2022-03-03,48.68,1.005369682
2022-03-04,48.29,0.991988496
2022-03-07,48.68,1.008076206
2022-03-08,47.13,0.968159408
2022-03-09,46.1,0.978145555
2022-03-10,46.48,1.00824295
2022-03-11,46.61,1.002796902
2022-03-14,45.71,0.980690839
2022-03-15,42.61,0.932181142
2022-03-16,43.77,1.027223656
2022-03-17,44.03,1.005940142
2022-03-18,45.06,1.023393141
2022-03-21,45.97,1.020195295
2022-03-22,46.35,1.008266261
2022-03-23,45.71,0.986192017
2022-03-24,45.06,0.985779917
2022-03-25,45.97,1.020195295
2022-03-28,45.97,1.0
2022-03-29,46.1,1.002827931
2022-03-30,46.35,1.005422993
2022-03-31,46.48,1.002804746
2022-04-01,46.35,0.997203098
2022-04-06,47.13,1.016828479
2022-04-07,46.35,0.983450032
2022-04-08,46.22,0.997195254
2022-04-11,45.45,0.983340545
2022-04-12,46.35,1.01980198
2022-04-13,45.71,0.986192017
2022-04-14,45.84,1.002844017
2022-04-15,44.8,0.977312391
2022-04-18,44.8,1.0
2022-04-19,45.06,1.005803571
2022-04-20,45.06,1.0
2022-04-21,44.42,0.985796715
2022-04-22,48.81,1.098829356
2022-04-25,45.97,0.941815202
2022-04-26,41.32,0.898847074
2022-04-27,37.32,0.903194579
2022-04-28,34.86,0.934083601
2022-04-29,36.28,1.040734366
2022-05-05,36.93,1.017916207
2022-05-06,36.28,0.982399133
2022-05-09,37.44,1.031973539
2022-05-10,37.57,1.003472222
2022-05-11,37.06,0.986425339
2022-05-12,40.8,1.100917431
2022-05-13,41.45,1.015931373
2022-05-16,43.64,1.052834741
2022-05-17,46.22,1.059120073
2022-05-18,46.35,1.002812635
2022-05-19,46.22,0.997195254
2022-05-20,48.03,1.039160537
2022-05-23,47.26,0.983968353
2022-05-24,45.58,0.964451968
2022-05-25,46.74,1.025449759
2022-05-26,47.52,1.016688062
2022-05-27,47.0,0.989057239
2022-05-30,46.35,0.986170213
2022-05-31,45.84,0.988996764
2022-06-01,44.93,0.980148342
2022-06-02,44.67,0.994213221
2022-06-06,44.03,0.985672711
2022-06-07,44.29,1.005905065
2022-06-08,44.55,1.0058704
2022-06-09,44.8,1.005611672
2022-06-10,44.93,1.002901786
2022-06-13,44.55,0.991542399
2022-06-14,45.06,1.011447811
2022-06-15,47.26,1.048823791
2022-06-16,47.13,0.997249259
2022-06-17,49.58,1.051983874
2022-06-20,51.78,1.044372731
2022-06-21,51.0,0.984936269
2022-06-22,50.49,0.99
2022-06-23,52.03,1.030501089
2022-06-24,51.65,0.992696521
2022-06-27,52.16,1.009874153
2022-06-28,56.94,1.091641104
2022-06-29,62.62,1.099754127
2022-06-30,56.42,0.900990099
2022-07-01,52.94,0.938319745
2022-07-04,51.13,0.965810351
2022-07-05,56.3,1.101114805
2022-07-06,59.14,1.05044405
2022-07-07,56.94,0.962800135
2022-07-08,57.07,1.002283105
2022-07-11,56.3,0.986507797
2022-07-12,54.23,0.963232682
2022-07-13,55.13,1.01659598
2022-07-14,56.42,1.023399238
2022-07-15,54.75,0.970400567
2022-07-18,56.55,1.032876712
2022-07-19,55.52,0.98178603
2022-07-20,56.81,1.02323487
2022-07-21,62.49,1.099982397
2022-07-22,59.27,0.948471755
2022-07-25,59.01,0.995613295
2022-07-26,60.81,1.030503305
2022-07-27,59.91,0.985199803
2022-07-28,58.88,0.982807545
2022-07-29,60.17,1.021908967
2022-08-01,63.14,1.049360146
2022-08-02,61.46,0.973392461
2022-08-03,61.72,1.004230394
2022-08-04,61.59,0.997893714
2022-08-05,62.49,1.014612762
2022-08-08,66.37,1.062089934
2022-08-09,67.01,1.009642911
2022-08-10,69.59,1.038501716
2022-08-11,69.72,1.001868084
2022-08-12,69.34,0.994549627
2022-08-15,69.98,1.009229882
2022-08-16,74.89,1.070162904
2022-08-17,73.34,0.979302978
2022-08-18,76.18,1.0387237520000001
2022-08-19,75.4,0.989761092
2022-08-22,71.66,0.950397878
2022-08-23,73.47,1.025258164
2022-08-24,71.4,0.971825235
2022-08-25,72.31,1.012745098
2022-08-26,69.59,0.962384179
2022-08-29,71.79,1.031613738
2022-08-30,69.08,0.96225101
2022-08-31,67.53,0.977562247
2022-09-01,65.59,0.971272027
2022-09-02,69.08,1.053209331
2022-09-05,69.85,1.011146497
2022-09-06,70.63,1.011166786
2022-09-07,72.82,1.031006654
2022-09-08,72.18,0.991211206
2022-09-09,72.18,1.0
2022-09-13,72.82,1.008866722
2022-09-14,74.89,1.028426257
2022-09-15,68.95,0.920683669
2022-09-16,66.88,0.969978245
2022-09-19,65.46,0.978767943
2022-09-20,69.34,1.059272838
2022-09-21,68.56,0.988751082
2022-09-22,67.79,0.988768961
2022-09-23,65.72,0.969464523
2022-09-26,65.08,0.990261716
2022-09-27,71.14,1.093116165
2022-09-28,67.01,0.94194546
2022-09-29,64.3,0.959558275
2022-09-30,62.75,0.975894246
2022-10-10,60.81,0.969083665
2022-10-11,60.94,1.002137806
2022-10-12,62.75,1.029701346
2022-10-13,60.56,0.965099602
2022-10-14,61.85,1.021301189
2022-10-17,63.01,1.018755053
2022-10-18,62.36,0.989684177
2022-10-19,64.43,1.033194355
2022-10-20,62.75,0.97392519
2022-10-21,61.46,0.979442231
2022-10-24,62.23,1.012528474
2022-10-25,63.14,1.014623172
2022-10-26,63.4,1.004117833
2022-10-27,62.23,0.981545741
2022-10-28,60.69,0.975253093
2022-10-31,60.56,0.997857967
2022-11-01,64.04,1.057463672
2022-11-02,65.72,1.026233604
2022-11-03,66.11,1.005934267
2022-11-04,66.24,1.00196642
2022-11-07,67.01,1.011624396
2022-11-08,66.62,0.994179973
2022-11-09,65.46,0.982587811
2022-11-10,64.04,0.978307363
2022-11-11,63.27,0.987976265
2022-11-14,62.62,0.989726569
2022-11-15,63.91,1.020600447
2022-11-16,65.08,1.018306994
2022-11-17,63.78,0.980024585
2022-11-18,68.3,1.070868611
2022-11-21,67.53,0.988726208
2022-11-22,63.14,0.934991855
2022-11-23,64.04,1.014254039
2022-11-24,61.46,0.95971268
2022-11-25,61.2,0.995769606
2022-11-28,60.81,0.993627451
2022-11-29,59.27,0.974675218
2022-11-30,59.78,1.00860469
2022-12-01,59.27,0.991468719
2022-12-02,58.49,0.986839885
2022-12-05,55.91,0.955889896
2022-12-06,54.88,0.981577535
2022-12-07,56.04,1.021137026
2022-12-08,54.49,0.972341185
2022-12-09,55.65,1.02128831
2022-12-12,55.65,1.0
2022-12-13,61.2,1.099730458
2022-12-14,63.53,1.038071895
2022-12-15,61.59,0.969463246
2022-12-16,60.94,0.989446339
2022-12-19,58.88,0.966196259
2022-12-20,59.39,1.008661685
2022-12-21,58.1,0.978279172
2022-12-22,57.46,0.988984509
2022-12-23,55.91,0.973024713
2022-12-26,61.46,1.099266679
2022-12-27,59.91,0.974780345
2022-12-28,59.39,0.991320314
2022-12-29,58.62,0.987034854
2022-12-30,58.36,0.995564654
